Rk_x,Player,Tm,Predicted Receiving Yards,Predicted Receiving Touchdowns,Predicted Receiving Fumbles,Age,Pos,G,GS,Tgt,Rec,Ctch%,Yds,Y/R,TD,1D,Lng,Y/Tgt,R/G,Y/G,Fmb,Rk_y,FantPt,FanPosRank,FanOvRank
1,Michael Thomas,NOR,1253.089412,7.654922572,1.532214148,26,WR,16,15,185,149,0.81,1725,11.6,9,91,49,9.3,9.3,107.8,1,7,226,1,7
2,Christian McCaffrey,CAR,721.495305,4.674866869,1.866589887,23,RB,16,16,142,116,0.82,1005,8.7,4,58,28,7.1,7.3,62.8,1,1,355,1,1
3,Keenan Allen,LAC,877.2251861,5.343317493,1.026364317,27,WR,16,16,149,104,0.7,1199,11.5,6,63,45,8,6.5,74.9,0,37,158,11,37
4,DeAndre Hopkins,HOU,873.5417471,5.551729325,1.071071138,27,WR,15,15,150,104,0.69,1165,11.2,7,68,43,7.8,6.9,77.7,0,35,165,10,35
5,Julian Edelman,NWE,818.2227848,5.180264409,1.436407139,33,WR,16,13,153,100,0.65,1117,11.2,6,54,44,7.3,6.3,69.8,3,40,156,13,40
6,Julio Jones,ATL,1040.516113,5.177123972,1.235033113,30,WR,15,15,157,99,0.63,1394,14.1,6,77,54,8.9,6.6,92.9,1,27,175,5,27
7,Allen Robinson,CHI,839.6366185,5.352211382,1.006854824,26,WR,16,15,154,98,0.64,1147,11.7,7,63,49,7.4,6.1,71.7,0,39,157,12,39
8,Travis Kelce,KAN,898.2801939,4.867113796,1.143126049,30,TE,16,16,136,97,0.71,1229,12.7,5,65,47,9,6.1,76.8,1,8,157,1,8
9,Cooper Kupp,LAR,847.6296828,5.872137372,1.483683073,26,WR,16,14,134,94,0.7,1161,12.4,10,51,66,8.7,5.9,72.6,3,26,177,4,26
10,Austin Ekeler,LAC,723.4314294,5.146409936,1.603524056,24,RB,16,8,108,92,0.85,993,10.8,8,42,84,9.2,5.8,62.1,3,10,217,7,10
11,Tyler Boyd,CIN,768.555366,4.623749189,1.18463887,25,WR,16,15,148,90,0.61,1046,11.6,5,51,47,7.1,5.6,65.4,2,68,133,25,68
12,Darren Waller,OAK,839.7980538,4.187572432,1.025536751,27,TE,16,16,117,90,0.77,1145,12.7,3,53,75,9.8,5.6,71.6,1,19,131,4,19
13,Robert Woods,LAR,851.1886105,3.910455623,0.953689883,27,WR,15,15,139,90,0.65,1134,12.6,2,54,48,8.2,6,75.6,0,59,143,22,59
14,Zach Ertz,PHI,692.1546913,4.759058797,1.038997806,29,TE,15,15,135,88,0.65,916,10.4,6,50,30,6.8,5.9,61.1,1,22,128,5,22
15,D.J. Moore,CAR,880.7695896,4.293938656,1.229934618,22,WR,15,15,135,87,0.64,1175,13.5,4,63,52,8.7,5.8,78.3,2,58,144,21,58
16,Chris Godwin,TAM,1020.398426,5.375570695,1.11366693,23,WR,14,14,121,86,0.71,1333,15.5,9,63,71,11,6.1,95.2,0,15,190,2,15
17,George Kittle,SFO,813.2241394,4.435385944,1.073227263,26,TE,14,14,107,85,0.79,1053,12.4,5,53,61,9.8,6.1,75.2,1,16,138,3,16
18,Davante Adams,GNB,823.0587759,4.366479565,1.237713201,27,WR,12,12,127,83,0.65,997,12,5,54,58,7.9,6.9,83.1,2,74,130,29,74
19,Jarvis Landry,CLE,857.720403,4.601507413,0.953785857,27,WR,16,16,138,83,0.6,1174,14.1,6,55,65,8.5,5.2,73.4,0,43,154,14,43
20,Tyler Lockett,SEA,773.8598696,5.003481426,1.076007101,27,WR,16,16,110,82,0.75,1057,12.9,8,53,44,9.6,5.1,66.1,1,45,153,15,45
21,Alvin Kamara,NOR,417.6587573,3.048066296,1.57952377,24,RB,14,9,97,81,0.84,533,6.6,1,28,41,5.5,5.8,38.1,4,41,168,16,41
22,Tarik Cohen,CHI,348.8395525,3.664353632,1.117300058,24,RB,16,11,104,79,0.76,456,5.8,3,18,31,4.4,4.9,28.5,3,141,85,44,
23,Amari Cooper,DAL,866.4624543,4.910077953,0.981748105,25,WR,16,16,119,79,0.66,1189,15.1,8,54,53,10,4.9,74.3,0,32,168,7,32
24,Jamison Crowder,NYJ,615.8376592,4.393794599,0.820671579,26,WR,16,12,122,78,0.64,833,10.7,6,41,41,6.8,4.9,52.1,0,106,120,34,
25,Leonard Fournette,JAX,396.8010422,2.575697225,1.176854508,24,RB,15,15,100,76,0.76,522,6.9,0,23,27,5.2,5.1,34.8,1,29,183,13,29
26,Larry Fitzgerald,ARI,596.4132317,3.850062428,0.887254743,36,WR,16,16,109,75,0.69,804,10.7,4,40,54,7.4,4.7,50.3,1,123,102,42,
27,Austin Hooper,ATL,631.7994435,4.276718727,0.847146593,25,TE,13,10,97,75,0.77,787,10.5,6,41,35,8.1,5.8,60.5,0,31,117,7,31
28,Odell Beckham,CLE,759.212602,3.842036539,0.975875606,27,WR,16,15,133,74,0.56,1035,14,4,44,89,7.8,4.6,64.7,1,102,127,31,
29,DJ Chark,JAX,755.676662,4.673672199,0.933768494,23,WR,15,14,118,73,0.62,1008,13.8,8,42,69,8.5,4.9,67.2,0,46,153,16,46
30,John Brown,BUF,794.2523906,4.200098636,0.911067268,29,WR,15,15,115,72,0.63,1060,14.7,6,53,53,9.2,4.8,70.7,0,53,148,19,53
31,DeVante Parker,MIA,874.1017407,4.903243869,0.988725862,26,WR,16,14,128,72,0.56,1202,16.7,9,58,51,9.4,4.5,75.1,0,28,174,6,28
32,Courtland Sutton,DEN,811.972244,4.216569841,1.188411482,24,WR,16,14,124,72,0.58,1112,15.4,6,50,70,9,4.5,69.5,2,51,150,17,51
33,James White,NWE,491.4901549,3.838310059,0.975451475,27,rb,15,1,95,72,0.76,645,9,5,31,59,6.8,4.8,43,1,101,128,29,
34,Tyler Higbee,LAR,559.5553115,3.401611618,0.697498466,26,TE,15,15,89,69,0.78,734,10.6,3,36,33,8.2,4.6,48.9,0,57,91,9,57
35,Christian Kirk,ARI,571.8641786,3.328891406,0.768908626,23,WR,13,13,108,68,0.63,709,10.4,3,31,69,6.6,5.2,54.5,0,130,100,46,
36,Cole Beasley,BUF,589.4595889,3.990193541,0.794285668,30,WR,15,10,106,67,0.63,778,11.6,6,37,51,7.3,4.5,51.9,0,108,118,35,
37,Mike Evans,TAM,914.214645,4.508160179,0.996499081,26,WR,13,13,118,67,0.57,1157,17.3,8,54,67,9.8,5.2,89,0,33,166,8,33
38,Le'Veon Bell,NYJ,354.1681198,2.519178286,1.019934161,27,RB,15,15,78,66,0.85,461,7,1,20,23,5.9,4.4,30.7,1,63,149,21,63
39,Michael Gallup,DAL,850.5589935,4.031080377,0.906095345,23,WR,14,12,113,66,0.58,1107,16.8,6,50,62,9.8,4.7,79.1,0,55,147,20,55
40,Emmanuel Sanders,2TM,625.6078493,3.74519797,0.780631489,32,,17,16,97,66,0.68,869,13.2,5,41,75,9,3.9,51.1,0,103,124,32,
41,Dede Westbrook,JAX,505.1112926,3.262928644,0.837578679,26,WR,15,11,101,66,0.65,660,10,3,31,39,6.5,4.4,44,1,135,91,50,
42,Kenny Golladay,DET,863.6063795,5.126178274,1.140034479,26,WR,16,16,116,65,0.56,1190,18.3,11,52,75,10.3,4.1,74.4,1,20,183,3,20
43,Mark Andrews,BAL,640.8868489,4.805780946,1.149672042,23,te,15,4,98,64,0.65,852,13.3,10,44,51,8.7,4.3,56.8,2,13,143,2,13
44,Stefon Diggs,MIN,843.5088973,3.940809236,1.445824754,26,WR,15,15,94,63,0.67,1130,17.9,6,41,66,12,4.2,75.3,4,52,149,18,52
45,Calvin Ridley,ATL,690.2621746,4.089412197,0.860187705,25,WR,13,10,93,63,0.68,866,13.7,7,47,36,9.3,4.8,66.6,0,65,134,23,65
46,Jason Witten,DAL,400.7010425,3.372115023,0.757116108,37,TE,16,16,83,63,0.76,529,8.4,4,27,33,6.4,3.9,33.1,1,77,77,12,77
47,Danny Amendola,DET,518.8612117,2.690441804,0.641263413,34,WR,15,10,97,62,0.64,678,10.9,1,36,47,7,4.1,45.2,0,153,79,60,
48,Marvin Jones,DET,622.6524196,4.49752389,0.853417991,29,WR,13,11,91,62,0.68,779,12.6,9,41,47,8.6,4.8,59.9,0,71,132,27,71
49,Devonta Freeman,ATL,325.8590296,2.98234169,1.258945465,27,RB,14,14,70,59,0.84,410,6.9,4,17,28,5.9,4.2,29.3,3,96,139,26,
50,Diontae Johnson,PIT,505.4162675,3.470894518,1.411367387,23,WR,16,12,92,59,0.64,680,11.5,5,31,45,7.4,3.7,42.5,5,120,104,40,
51,Mohamed Sanu,2TM,404.2955916,2.783657868,0.582321532,30,,15,12,89,59,0.66,520,8.8,2,30,28,5.8,3.9,34.7,0,181,65,71,
52,Dallas Goedert,PHI,465.7991791,3.449155849,0.938408901,24,TE,15,9,87,58,0.67,607,10.5,5,33,28,7,3.9,40.5,2,62,87,10,62
53,Tyreek Hill,KAN,709.1799585,3.937123694,0.848743213,25,WR,12,12,89,58,0.65,860,14.8,7,39,57,9.7,4.8,71.7,0,73,130,28,73
54,Terry McLaurin,WAS,708.4125889,3.957289853,0.828827189,24,WR,14,14,93,58,0.62,919,15.8,7,43,75,9.9,4.1,65.6,0,67,134,24,67
55,D.K. Metcalf,SEA,660.0787004,3.96242575,1.212781245,22,WR,16,15,100,58,0.58,900,15.5,7,39,54,9,3.6,56.3,3,100,129,30,
56,Deebo Samuel,SFO,604.1879363,2.914641125,1.083553916,23,WR,15,11,81,57,0.7,802,14.1,3,32,42,9.9,3.8,53.5,2,70,132,26,70
57,Sterling Shepard,NYG,526.4021876,2.925228618,0.739339029,26,WR,10,10,83,57,0.69,576,10.1,3,29,36,6.9,5.7,57.6,0,146,85,54,
58,Randall Cobb,DAL,625.4110779,2.961098435,0.972953103,29,wr,15,6,83,55,0.66,828,15.1,3,41,59,10,3.7,55.2,2,129,100,47,
59,Hunter Henry,LAC,544.3815527,3.350805194,0.856387178,25,TE,12,12,76,55,0.72,652,11.9,5,36,30,8.6,4.6,54.3,1,54,95,8,54
60,Ezekiel Elliott,DAL,306.3268949,1.984401474,1.626700965,24,RB,16,16,71,54,0.76,420,7.8,2,21,27,5.9,3.4,26.3,3,5,258,4,5
61,Curtis Samuel,CAR,465.7079577,3.47227962,0.746800516,23,WR,16,15,105,54,0.51,627,11.6,6,36,44,6,3.4,39.2,0,109,118,36,
62,Dalvin Cook,MIN,398.3298983,1.587173241,1.718276097,24,RB,14,14,63,53,0.84,519,9.8,0,26,31,8.2,3.8,37.1,4,6,239,5,6
63,Robby Anderson,NYJ,574.1337687,3.286148286,0.853707504,26,WR,16,15,96,52,0.54,779,15,5,35,92,8.1,3.3,48.7,1,114,110,38,
64,Saquon Barkley,NYG,351.9199853,2.118165516,1.154944886,22,RB,13,13,73,52,0.71,438,8.4,2,14,65,6,4,33.7,1,21,192,10,21
65,A.J. Brown,TEN,762.7908864,4.006138631,1.034288158,22,WR,16,11,84,52,0.62,1051,20.2,8,39,91,12.5,3.3,65.7,1,34,165,9,34
66,Anthony Miller,CHI,489.6002636,2.593775739,0.73373417,25,wr,16,7,85,52,0.61,656,12.6,2,34,35,7.7,3.3,41,1,158,76,63,
67,Greg Olsen,CAR,470.9137082,2.570415517,0.597953215,34,TE,14,14,82,52,0.63,597,11.5,2,34,41,7.3,3.7,42.6,0,168,72,15,
68,Sammy Watkins,KAN,526.9541064,2.80957748,0.934536455,26,WR,14,13,90,52,0.58,673,12.9,3,30,68,7.5,3.7,48.1,2,138,87,52,
69,Mike Gesicki,MIA,427.3568059,3.198524796,0.761912508,24,te,16,5,89,51,0.57,570,11.2,5,25,34,6.4,3.2,35.6,1,64,85,11,64
70,Kenyan Drake,2TM,273.7378034,1.595798107,1.178918847,25,,14,10,68,50,0.74,345,6.9,0,15,26,5.1,3.6,24.6,2,47,164,18,47
71,Miles Sanders,PHI,376.5789804,2.402282116,1.166958437,22,RB,16,11,63,50,0.79,509,10.2,3,19,45,8.1,3.1,31.8,2,38,169,15,38
72,Will Fuller,HOU,580.7077912,2.721498619,0.819554914,25,WR,11,11,71,49,0.69,670,13.7,3,26,54,9.4,4.5,60.9,1,143,85,53,
73,Russell Gage,ATL,342.2274437,2.200399649,0.632079066,23,wr,16,4,74,49,0.66,446,9.1,1,25,19,6,3.1,27.9,1,217,50,84,
74,Aaron Jones,GNB,343.0489776,2.060941408,1.64133719,25,RB,16,16,68,49,0.72,474,9.7,3,18,67,7,3.1,29.6,3,4,266,3,4
75,Hunter Renfrow,OAK,489.7336235,2.915381081,0.784004525,24,wr,13,4,71,49,0.69,605,12.3,4,30,65,8.5,3.8,46.5,1,145,85,55,
76,Golden Tate,NYG,584.3939407,3.387505596,0.888163779,31,WR,11,10,85,49,0.58,676,13.8,6,30,64,8,4.5,61.5,1,122,103,41,
77,Mike Williams,LAC,748.8716954,2.617423822,0.719317808,25,WR,15,15,90,49,0.54,1001,20.4,2,41,56,11.1,3.3,66.7,0,112,112,37,
78,Darius Slayton,NYG,573.2847932,3.820041024,0.756150072,22,WR,14,9,84,48,0.57,740,15.4,8,32,55,8.8,3.4,52.9,0,105,122,33,
79,Chris Conley,JAX,569.8712109,3.134861565,0.69363021,27,WR,16,14,90,47,0.52,775,16.5,5,36,70,8.6,2.9,48.4,0,115,110,39,
80,Jaylen Samuels,PIT,253.0353346,2.017069632,0.659137642,23,rb,14,4,57,47,0.83,305,6.5,1,19,27,5.4,3.4,21.8,1,195,57,56,
81,Marquise Brown,BAL,457.7444586,3.4802825,0.671018087,22,WR,14,11,71,46,0.65,584,12.7,7,24,83,8.2,3.3,41.7,0,128,100,45,
82,T.Y. Hilton,IND,459.4367722,2.971011624,0.663566154,30,WR,10,10,68,45,0.66,501,11.1,5,24,35,7.4,4.5,50.1,0,151,80,57,
83,Evan Engram,NYG,481.693255,2.482157353,0.664277878,25,te,8,6,68,44,0.65,467,10.6,3,23,75,6.9,5.5,58.4,0,180,65,19,
84,Nyheim Hines,IND,249.9501839,1.634462705,0.691096639,23,rb,16,2,58,44,0.76,320,7.3,0,15,21,5.5,2.8,20,1,163,74,50,
85,Duke Johnson,HOU,310.5006355,2.308171766,0.816443062,26,rb,16,2,62,44,0.71,410,9.3,3,18,21,6.6,2.8,25.6,1,116,110,35,
86,James Washington,PIT,555.8850381,2.603404755,0.764997537,23,WR,15,10,80,44,0.55,735,16.7,3,31,79,9.2,2.9,49,1,137,90,51,
87,Jared Cook,NOR,545.503236,3.882552479,0.744783954,32,te,14,7,65,43,0.66,705,16.4,9,32,61,10.8,3.1,50.4,0,25,125,6,25
88,Corey Davis,TEN,459.9776802,2.291711295,0.699181921,24,WR,15,11,69,43,0.62,601,14,2,33,38,8.7,2.9,40.1,1,166,72,64,
89,Jack Doyle,IND,340.9243627,2.662754567,0.680266719,29,TE,16,16,72,43,0.6,448,10.4,4,29,23,6.2,2.7,28,1,173,69,18,
90,Tyler Eifert,CIN,333.0963229,2.429291124,0.516596526,29,te,16,4,63,43,0.68,436,10.1,3,24,27,6.9,2.7,27.3,0,182,64,21,
91,Alex Erickson,CIN,399.8224793,1.816142271,1.053078793,27,wr,16,6,78,43,0.55,529,12.3,0,26,52,6.8,2.7,33.1,4,207,53,82,
92,Royce Freeman,DEN,202.3116197,1.718109269,0.622496913,23,,16,0,50,43,0.86,256,6,1,10,19,5.1,2.7,16,0,131,99,40,
93,Alshon Jeffery,PHI,449.5216365,2.665259024,0.654912228,29,WR,10,10,73,43,0.59,490,11.4,4,36,38,6.7,4.3,49,0,154,79,59,
94,Albert Wilson,MIA,296.1755872,1.944390358,0.485442544,27,wr,13,4,62,43,0.69,351,8.2,1,22,35,5.7,3.3,27,0,232,46,89,
95,Brandin Cooks,LAR,458.0337761,2.236903231,0.579433816,26,WR,14,14,72,42,0.58,583,13.9,2,32,57,8.1,3,41.6,0,156,76,62,
96,Melvin Gordon,LAC,254.0028453,1.59246568,1.370140983,26,RB,12,11,55,42,0.76,296,7,1,11,25,5.4,3.5,24.7,4,97,139,25,
97,JuJu Smith-Schuster,PIT,464.0846642,2.464668155,0.72766545,23,WR,12,12,70,42,0.6,552,13.1,3,23,76,7.9,3.5,46,1,171,71,66,
98,Chris Thompson,WAS,339.4316693,1.673842284,0.670209297,29,,11,0,58,42,0.72,378,9,0,16,39,6.5,3.8,34.4,1,214,52,61,
99,Tyrell Williams,OAK,506.8100451,3.16881517,0.658468751,27,WR,14,12,64,42,0.66,651,15.5,6,33,46,10.2,3,46.5,0,127,101,44,
100,Jacob Hollister,SEA,314.8260286,2.330886843,0.528752742,26,te,11,3,59,41,0.7,349,8.5,3,16,22,5.9,3.7,31.7,0,209,53,27,
101,Zach Pascal,IND,450.6299977,2.888623178,0.620745051,25,WR,16,13,72,41,0.57,607,14.8,5,29,37,8.4,2.6,37.9,0,133,94,48,
102,Noah Fant,DEN,420.5620747,2.416929718,0.676180867,22,TE,16,11,66,40,0.61,562,14.1,3,23,75,8.5,2.5,35.1,1,170,71,16,
103,Kenny Stills,HOU,454.5534445,2.625842442,0.58757719,27,wr,13,5,55,40,0.73,561,14,4,27,45,10.2,3.1,43.2,0,152,80,58,
104,Auden Tate,CIN,482.5790968,1.975805779,0.694027602,22,WR,12,10,80,40,0.5,575,14.4,1,29,33,7.2,3.3,47.9,1,187,62,73,
105,Nelson Agholor,PHI,326.0477908,2.270873046,0.81676208,26,WR,11,10,69,39,0.57,363,9.3,3,17,43,5.3,3.5,33,2,199,55,79,
106,Kyle Rudolph,MIN,282.2123619,2.930992789,0.529516017,30,TE,16,16,48,39,0.81,367,9.4,6,24,32,7.6,2.4,22.9,0,161,75,14,
107,Jamaal Williams,GNB,208.9839993,2.50556988,0.653956086,24,rb,14,2,45,39,0.87,253,6.5,5,16,17,5.6,2.8,18.1,0,118,107,36,
108,Jimmy Graham,GNB,339.4925004,2.287336146,0.642626758,33,TE,16,10,60,38,0.63,447,11.8,3,23,48,7.5,2.4,27.9,1,186,63,22,
109,Vance McDonald,PIT,228.9340675,2.190450749,0.596130192,29,TE,14,14,55,38,0.69,273,7.2,3,12,22,5,2.7,19.5,1,231,46,35,
110,Chris Carson,SEA,204.8665747,1.470469308,1.933674872,25,RB,15,15,47,37,0.79,266,7.2,2,10,21,5.7,2.5,17.7,7,18,196,9,18
111,Gerald Everett,LAR,338.4369577,2.012780942,0.488631595,25,te,13,2,60,37,0.62,408,11,2,22,33,6.8,2.8,31.4,0,208,53,28,
112,Adam Humphries,TEN,323.0620247,1.992865228,0.623001008,26,wr,12,3,47,37,0.79,374,10.1,2,20,30,8,3.1,31.2,1,220,50,85,
113,Kareem Hunt,CLE,302.3130222,1.636397741,0.743076856,24,rb,8,3,44,37,0.84,285,7.7,1,17,29,6.5,4.6,35.6,1,184,64,54,
114,Jordan Akins,HOU,319.4359727,1.989162169,0.463830068,27,TE,16,9,55,36,0.66,418,11.6,2,21,53,7.6,2.3,26.1,0,204,54,26,
115,Cameron Brate,TAM,243.9213301,2.36759535,0.467214926,28,te,16,6,55,36,0.66,311,8.6,4,21,37,5.7,2.3,19.4,0,200,55,24,
116,Nick Chubb,CLE,206.6334151,0.901698214,1.440223256,24,RB,16,16,49,36,0.74,278,7.7,0,13,32,5.7,2.3,17.4,3,9,219,6,9
117,David Johnson,ARI,304.4926654,2.271769944,0.79871376,28,RB,13,9,47,36,0.77,370,10.3,4,17,31,7.9,2.8,28.5,1,119,106,37,
118,Breshad Perriman,TAM,500.4318059,3.003491866,0.65131547,26,wr,14,4,69,36,0.52,645,17.9,6,29,44,9.3,2.6,46.1,0,124,102,43,
119,Jalen Richard,OAK,253.2402693,1.449523175,0.709885269,26,,16,0,43,36,0.84,323,9,0,15,33,7.5,2.3,20.2,2,229,47,66,
120,Irv Smith Jr.,MIN,244.9672323,1.925720074,0.560074615,21,te,16,7,47,36,0.77,311,8.6,2,17,29,6.6,2.3,19.4,1,239,43,39,
121,Demaryius Thomas,NYJ,384.1072587,1.778057165,0.500485301,32,WR,11,10,58,36,0.62,433,12,1,22,47,7.5,3.3,39.4,0,223,49,86,
122,DeAndre Washington,OAK,228.1902223,1.305975542,0.556782635,26,rb,16,3,41,36,0.88,292,8.1,0,10,28,7.1,2.3,18.3,0,140,86,42,
123,Allen Lazard,GNB,359.5675774,2.210592593,0.505441131,24,wr,16,3,52,35,0.67,477,13.6,3,24,43,9.2,2.2,29.8,0,176,68,68,
124,Phillip Lindsay,DEN,153.7085126,0.959625922,0.822812702,25,RB,16,16,48,35,0.73,196,5.6,0,9,36,4.1,2.2,12.3,0,49,163,19,49
125,Joe Mixon,CIN,215.0409369,1.678991914,0.910712289,23,RB,16,15,45,35,0.78,287,8.2,3,14,33,6.4,2.2,17.9,0,23,190,11,23
126,Dare Ogunbowale,TAM,227.6601888,1.40473646,0.686699138,25,,16,0,46,35,0.76,286,8.2,0,14,21,6.2,2.2,17.9,2,251,40,73,
127,Jonnu Smith,TEN,332.5430323,2.169570669,0.503132789,24,TE,16,14,44,35,0.8,439,12.5,3,16,57,10,2.2,27.4,0,172,70,17,
128,Geronimo Allison,GNB,227.8752294,1.845540118,0.694781738,25,wr,16,6,55,34,0.62,287,8.4,2,16,31,5.2,2.1,17.9,2,245,41,92,
129,James Conner,PIT,237.3338231,1.843202015,0.840416609,24,RB,10,10,38,34,0.9,251,7.4,3,14,26,6.6,3.4,25.1,1,111,112,33,
130,Darren Fells,HOU,262.9065239,2.986615227,0.524648114,33,TE,16,14,48,34,0.71,341,10,7,22,24,7.1,2.1,21.3,0,157,76,13,
131,Ryan Griffin,NYJ,269.1864306,2.525575574,0.501043217,29,TE,13,13,41,34,0.83,320,9.4,5,19,45,7.8,2.6,24.6,0,183,64,20,
131,Ryan Griffin,NYJ,274.6774172,2.711023453,0.287797207,29,TE,13,13,41,34,0.83,320,9.4,5,19,45,7.8,2.6,24.6,0,508,1,62,
132,O.J. Howard,TAM,366.0511901,1.743345425,0.5979253,25,TE,14,14,53,34,0.64,459,13.5,1,23,33,8.7,2.4,32.8,1,219,50,31,
133,J.D. McKissic,DET,189.3667988,1.532537281,0.429658703,26,rb,16,3,42,34,0.81,233,6.9,1,7,26,5.5,2.1,14.6,0,221,50,63,
134,Latavius Murray,NOR,184.3472805,1.317653231,0.678149911,29,RB,16,8,43,34,0.79,235,6.9,1,9,30,5.5,2.1,14.7,0,104,123,30,
135,Steven Sims,WAS,241.2556591,2.24207064,0.672790645,22,wr,16,2,56,34,0.61,310,9.1,4,18,65,5.5,2.1,19.4,1,159,76,61,
136,Damiere Byrd,ARI,322.3539557,1.619639087,0.58527999,26,wr,11,3,46,32,0.7,359,11.2,1,16,58,7.8,2.9,32.6,1,249,40,94,
137,T.J. Hockenson,DET,316.2972057,1.841328062,0.475600036,22,te,12,7,59,32,0.54,367,11.5,2,19,39,6.2,2.7,30.6,0,222,49,32,
138,Allen Hurns,MIA,333.2590231,1.880408153,0.59682314,28,wr,14,7,47,32,0.68,416,13,2,18,27,8.9,2.3,29.7,1,212,52,83,
139,Demarcus Robinson,KAN,339.0710126,2.339505971,0.504953544,25,WR,16,10,55,32,0.58,449,14,4,19,44,8.2,2,28.1,0,174,69,67,
140,Preston Williams,MIA,441.0910357,2.111178425,0.858487893,22,wr,8,7,60,32,0.53,428,13.4,3,24,35,7.1,4,53.5,2,189,59,75,
141,Nick Boyle,BAL,251.0924057,1.781071925,0.405477114,26,TE,16,15,43,31,0.72,321,10.4,2,13,35,7.5,1.9,20.1,0,236,44,38,
142,Eric Ebron,IND,334.0563907,2.038646928,0.500182791,26,te,11,2,52,31,0.6,375,12.1,3,20,48,7.2,2.8,34.1,0,197,56,23,
143,Todd Gurley,LAR,162.2015659,1.239010736,1.332816859,25,RB,15,15,49,31,0.63,207,6.7,2,8,23,4.2,2.1,13.8,3,24,188,12,24
144,Blake Jarwin,DAL,280.7845603,2.032008356,0.581076706,25,te,16,7,41,31,0.76,365,11.8,3,17,42,8.9,1.9,22.8,1,202,55,25,
145,Olabisi Johnson,MIN,231.7790136,1.979150232,0.42111148,22,wr,16,6,45,31,0.69,294,9.5,3,17,23,6.5,1.9,18.4,0,224,48,87,
146,Ronald Jones,TAM,234.5393095,1.023227834,1.132787486,22,RB,16,9,40,31,0.78,309,10,0,12,41,7.7,1.9,19.3,3,98,135,27,
147,Kaden Smith,NYG,270.3845137,1.959234519,0.765963574,22,te,9,6,42,31,0.74,268,8.6,3,12,32,6.4,3.4,29.8,2,235,45,37,
148,Willie Snead,BAL,261.9239033,2.453967919,0.476665821,27,WR,16,11,46,31,0.67,339,10.9,5,20,50,7.4,1.9,21.2,0,185,64,72,
149,Giovani Bernard,CIN,190.1817573,1.198649781,0.668883415,28,rb,16,2,43,30,0.7,234,7.8,0,7,35,5.4,1.9,14.6,2,254,38,74,
150,Kendrick Bourne,SFO,274.6576485,2.434294546,0.489506938,24,,16,0,44,30,0.68,358,11.9,5,23,30,8.1,1.9,22.4,0,175,68,69,
151,Ted Ginn,NOR,319.6653182,1.820895247,0.45866502,34,WR,16,9,56,30,0.54,421,14,2,20,45,7.5,1.9,26.3,0,198,56,78,
152,Kelvin Harmon,WAS,282.0487605,1.342132161,0.384576362,23,WR,16,8,44,30,0.68,365,12.2,0,16,30,8.3,1.9,22.8,0,259,37,98,
153,Hayden Hurst,BAL,270.021724,1.770730295,0.412140126,26,te,16,4,39,30,0.77,349,11.6,2,16,61,8.9,1.9,21.8,0,227,47,34,
154,Adam Thielen,MIN,383.2077699,2.689677268,0.603021113,29,WR,10,10,48,30,0.63,418,13.9,6,18,44,8.7,3,41.8,0,148,84,56,
155,Damien Williams,KAN,195.6393827,1.438605974,0.807766171,27,rb,11,6,37,30,0.81,213,7.1,2,10,32,5.8,2.7,19.4,1,113,111,34,
156,Phillip Dorsett,NWE,316.7046959,2.440173675,0.522979991,26,wr,14,4,54,29,0.54,397,13.7,5,17,58,7.4,2.1,28.4,0,167,72,65,
157,Taylor Gabriel,CHI,345.6789693,2.186043181,0.537421586,28,wr,9,7,48,29,0.6,353,12.2,4,17,53,7.4,3.2,39.2,0,188,61,74,
158,Devin Singletary,BUF,172.7227164,1.362441253,1.250070499,22,RB,12,8,41,29,0.71,194,6.7,2,5,49,4.7,2.4,16.2,4,107,119,31,
159,DaeSean Hamilton,DEN,234.2187008,1.452891049,0.385889247,24,wr,16,2,52,28,0.54,297,10.6,1,19,28,5.7,1.8,18.6,0,261,36,102,
160,Dawson Knox,BUF,303.3547593,1.749796588,0.443728967,23,TE,15,11,50,28,0.56,388,13.9,2,15,49,7.8,1.9,25.9,0,213,52,29,
161,LeSean McCoy,KAN,159.4246021,1.160035534,0.996296397,31,RB,13,9,34,28,0.82,181,6.5,1,6,23,5.3,2.2,13.9,3,134,91,41,
162,Paul Richardson,WAS,237.4732601,1.631053643,0.430982318,27,wr,10,6,42,28,0.67,245,8.8,2,13,22,5.8,2.8,24.5,0,260,37,99,
163,John Ross,CIN,514.7992913,2.078392309,0.721109142,25,WR,8,8,56,28,0.5,506,18.1,3,22,66,9,3.5,63.3,1,179,67,70,
164,Greg Ward,PHI,292.9835257,1.416754576,0.47290662,24,wr,7,3,40,28,0.7,254,9.1,1,18,38,6.4,4,36.3,0,275,32,106,
165,Jarius Wright,CAR,233.9402828,1.234897029,0.366385119,30,WR,16,9,58,28,0.48,296,10.6,0,16,33,5.1,1.8,18.5,0,284,29,112,
166,Rex Burkhead,NWE,235.5397611,1.053012537,0.65903781,29,rb,13,1,38,27,0.71,279,10.3,0,10,32,7.3,2.1,21.5,1,162,74,49,
167,Josh Gordon,2TM,375.1676777,1.546762993,0.456578131,28,,11,7,47,27,0.57,426,15.8,1,16,58,9.1,2.5,38.7,0,226,47,88,
168,Zay Jones,2TM,182.3745003,1.132617184,0.334311372,24,,15,9,45,27,0.6,216,8,0,10,23,4.8,1.8,14.4,0,323,22,134,
169,Isaiah McKenzie,BUF,208.2100213,1.374722764,0.375414565,24,WR,15,8,39,27,0.69,254,9.4,1,12,46,6.5,1.8,16.9,0,263,36,100,
170,C.J. Uzomah,CIN,195.2483305,1.600545853,0.37103425,26,TE,16,16,40,27,0.68,242,9,2,12,36,6.1,1.7,15.1,0,265,36,41,
171,Mecole Hardman,KAN,396.1120064,2.718079236,0.848087727,21,wr,16,5,41,26,0.63,538,20.7,6,18,83,13.1,1.6,33.6,2,132,94,49,
172,Mark Ingram,BAL,187.4404786,1.759679958,1.250649375,30,RB,15,15,29,26,0.9,247,9.5,5,16,25,8.5,1.7,16.5,2,11,217,8,11
173,Jakobi Meyers,NWE,282.964174,1.236822653,0.374525811,23,wr,15,1,41,26,0.63,359,13.8,0,17,35,8.8,1.7,23.9,0,264,36,101,
174,Trey Quinn,WAS,183.2630978,1.306826273,0.51281628,24,wr,12,6,47,26,0.55,198,7.6,1,10,19,4.2,2.2,16.5,1,300,26,122,
175,Jeremy Sprinkle,WAS,195.0882661,1.349350871,0.488900826,25,TE,16,13,40,26,0.65,241,9.3,1,13,23,6,1.6,15.1,1,283,30,44,
176,Marquez Valdes-Scantling,GNB,339.6717861,1.764248018,0.45578535,25,WR,16,10,56,26,0.46,452,17.4,2,14,74,8.1,1.6,28.3,0,191,58,76,
177,Pharoh Cooper,2TM,211.2295765,1.319343973,0.358680721,24,,13,1,33,25,0.76,243,9.7,1,10,28,7.4,1.9,18.7,0,276,31,109,
178,Josh Hill,NOR,183.200107,1.744748044,0.380784973,29,TE,16,11,35,25,0.71,226,9,3,13,29,6.5,1.6,14.1,0,246,41,40,
179,Dion Lewis,TEN,140.355357,1.190891855,0.517056198,29,rb,16,1,32,25,0.78,164,6.6,1,7,24,5.1,1.6,10.3,1,247,41,72,
180,David Montgomery,CHI,145.8686305,0.910308177,1.015128953,22,RB,16,8,35,25,0.71,185,7.4,1,7,30,5.3,1.6,11.6,2,66,145,22,66
181,Tajae Sharpe,TEN,259.2750143,2.070400147,0.440021317,25,wr,15,6,35,25,0.71,329,13.2,4,20,47,9.4,1.7,21.9,0,196,57,77,
182,Keelan Cole,JAX,275.6612288,1.855341638,0.424490973,26,wr,16,1,35,24,0.69,361,15,3,19,55,10.3,1.5,22.6,0,201,55,80,
183,Ty Johnson,DET,102.2015957,0.860095749,0.495751597,22,rb,16,1,31,24,0.77,109,4.5,0,4,13,3.5,1.5,6.8,1,262,36,78,
184,Cody Latimer,NYG,239.6882521,1.575157751,0.3939462,27,WR,15,10,42,24,0.57,300,12.5,2,19,43,7.1,1.6,20,0,242,42,91,
185,Boston Scott,PHI,189.8883715,0.878944427,1.069545255,24,rb,11,2,26,24,0.92,204,8.5,0,10,39,7.8,2.2,18.5,4,165,73,51,
186,Will Dissly,SEA,325.3281094,1.950889655,0.657746382,23,te,6,6,27,23,0.85,262,11.4,4,14,38,9.7,3.8,43.7,1,215,51,30,
187,Isaiah Ford,MIA,262.6466568,1.044530218,0.399525826,23,,8,0,35,23,0.66,244,10.6,0,16,28,7,2.9,30.5,0,295,26,123,
188,Bennie Fowler,NYG,213.6267877,0.983091688,0.390767879,28,wr,8,2,36,23,0.64,193,8.4,0,12,17,5.4,2.9,24.1,0,317,23,130,
189,Patrick Laird,MIA,170.7580608,0.934302425,0.385055903,24,rb,15,4,30,23,0.77,204,8.9,0,13,21,6.8,1.5,13.6,0,233,45,67,
190,Keke Coutee,HOU,256.0886068,1.018719165,0.535707948,22,wr,9,4,36,22,0.61,254,11.5,0,10,51,7.1,2.4,28.2,1,277,31,108,
191,Tevin Coleman,SFO,151.0259822,0.880530931,0.623499241,26,RB,14,11,30,21,0.7,180,8.6,1,9,37,6,1.5,12.9,0,110,114,32,
192,KeeSean Johnson,ARI,186.9083941,1.152095044,0.507844356,23,wr,10,4,42,21,0.5,187,8.9,1,10,31,4.5,2.1,18.7,1,305,25,124,
193,Foster Moreau,OAK,156.5369482,2.022568454,0.39201606,22,te,13,7,25,21,0.84,174,8.3,5,14,23,7,1.6,13.4,0,228,47,33,
194,Josh Reynolds,LAR,251.0441887,1.315805313,0.380911959,24,wr,16,2,43,21,0.49,326,15.5,1,15,31,7.6,1.3,20.4,0,248,41,93,
195,Seth Roberts,BAL,213.0097682,1.477246256,0.366460811,28,,16,0,35,21,0.6,271,12.9,2,18,33,7.7,1.3,16.9,0,252,39,96,
196,Delanie Walker,TEN,249.9408001,1.405724647,0.571446098,35,te,7,4,31,21,0.68,215,10.2,2,11,29,6.9,3,30.7,1,269,34,43,
197,Josh Jacobs,OAK,139.4019161,0.421780077,0.958187126,21,RB,13,13,27,20,0.74,166,8.3,0,8,28,6.1,1.5,12.8,1,36,172,14,36
198,Kyle Juszczyk,SFO,212.867742,1.193609755,0.343635282,28,FB/rb,12,12,24,20,0.83,239,12,1,11,49,10,1.7,19.9,0,278,31,80,
199,Matt Breida,SFO,112.0628778,0.815696936,0.793099348,24,rb,13,5,22,19,0.86,120,6.3,1,6,17,5.5,1.5,9.2,2,147,84,45,
200,Jakeem Grant,MIA,166.5264305,0.818347215,0.64002973,27,wr,10,2,33,19,0.58,164,8.6,0,9,18,5,1.9,16.4,2,289,27,118,
201,Justin Hardy,ATL,161.7039791,0.893251603,0.287991837,28,wr,16,1,26,19,0.73,195,10.3,0,9,23,7.5,1.2,12.2,0,334,20,140,
202,Taysom Hill,NOR,182.8322768,2.203281024,0.49215979,29,qb,16,5,22,19,0.86,234,12.3,6,14,45,10.6,1.2,14.6,0,149,83,35,
203,Parris Campbell,IND,158.8395713,0.989801402,0.781174222,22,wr,7,3,24,18,0.75,127,7.1,1,6,27,5.3,2.6,18.1,3,331,20,139,
204,Charles Clay,ARI,193.3378094,1.15520306,0.320443786,30,TE,15,10,24,18,0.75,237,13.2,1,12,47,9.9,1.2,15.8,0,280,30,45,
205,Rhett Ellison,NYG,169.0075046,1.051239932,0.334902981,31,te,10,7,28,18,0.64,167,9.3,1,4,31,6,1.8,16.7,0,316,23,51,
206,Derrick Henry,TEN,149.9762564,0.609235842,1.86230059,25,RB,15,15,24,18,0.75,206,11.4,2,4,75,8.6,1.2,13.7,5,3,277,2,3
207,Tre'Quan Smith,NOR,213.9920208,2.035509104,0.420704949,23,wr,11,6,25,18,0.72,234,13,5,17,32,9.4,1.6,21.3,0,210,53,81,
208,Javon Wims,CHI,154.5734433,1.077293325,0.318691924,25,wr,16,6,39,18,0.46,186,10.3,1,9,37,4.8,1.1,11.6,0,308,25,126,
209,C.J. Ham,MIN,129.2650301,1.00131732,0.433043975,26,fb,16,7,26,17,0.65,149,8.8,1,6,36,5.7,1.1,9.3,1,328,21,91,
210,Marcus Johnson,IND,289.8785599,1.423542644,0.416061182,25,wr,8,6,33,17,0.52,277,16.3,2,12,50,8.4,2.1,34.6,0,250,40,95,
211,David Moore,SEA,242.6051586,1.459428671,0.664223554,24,wr,14,1,34,17,0.5,301,17.7,2,14,60,8.9,1.2,21.5,2,238,43,90,
212,Adrian Peterson,WAS,117.7557288,0.429087461,1.078027431,34,RB,15,15,23,17,0.74,142,8.4,0,7,22,6.2,1.1,9.5,3,99,130,28,
213,Vyncint Smith,NYJ,194.2192133,0.870876953,0.48741778,23,wr,13,4,31,17,0.55,225,13.2,0,11,37,7.3,1.3,17.3,1,274,32,107,
214,Nick Vannett,2TM,141.3529901,0.806433075,0.26996539,26,,16,7,22,17,0.77,166,9.8,0,5,18,7.5,1.1,10.4,0,351,17,63,
215,Ben Watson,NWE,174.1761523,0.819209326,0.304627025,39,TE,10,8,24,17,0.71,173,10.2,0,9,26,7.2,1.7,17.3,0,352,17,61,
216,Peyton Barber,TAM,98.94304582,0.674883413,0.697357307,25,rb,16,7,24,16,0.67,115,7.2,1,4,16,4.8,1,7.2,1,125,101,39,
217,Jaron Brown,SEA,184.5455737,1.327400479,0.475863902,29,wr,14,4,28,16,0.57,220,13.8,2,10,48,7.9,1.1,15.7,1,273,32,105,
218,Jesse James,DET,124.8812887,0.746677829,0.267301809,25,TE,16,11,27,16,0.59,142,8.9,0,8,23,5.3,1,8.9,0,366,14,68,
219,Tim Patrick,DEN,235.0046615,0.873249843,0.350055123,26,wr,8,2,31,16,0.52,218,13.6,0,14,38,7,2,27.3,0,325,22,135,
220,Chester Rogers,IND,164.592566,1.250242081,0.620410851,25,wr,12,6,28,16,0.57,179,11.2,2,11,27,6.4,1.3,14.9,2,282,30,111,
221,Ian Thomas,CAR,120.1998285,0.954839216,0.291800826,23,te,16,3,30,16,0.53,136,8.5,1,10,19,4.5,1,8.5,0,336,20,55,
222,Logan Thomas,DET,144.9860941,1.019471809,0.299162149,28,te,16,3,28,16,0.57,173,10.8,1,10,17,6.2,1,10.8,0,320,23,50,
223,Ameer Abdullah,MIN,86.99414669,0.820179583,0.42885142,26,,16,0,21,15,0.71,88,5.9,1,5,16,4.2,0.9,5.5,1,309,24,87,
224,Ross Dwelley,SFO,89.33487674,1.073997901,0.279632374,24,te,16,6,22,15,0.68,91,6.1,2,8,25,4.1,0.9,5.7,0,326,21,53,
225,Demetrius Harris,CLE,129.8110267,1.392760987,0.340478749,28,te,15,6,27,15,0.56,149,9.9,3,10,23,5.5,1,9.9,0,266,35,42,
226,Marcedes Lewis,GNB,133.310949,0.969799642,0.275335798,35,TE,16,11,19,15,0.79,156,10.4,1,8,25,8.2,0.9,9.8,0,324,22,52,
227,Tony Pollard,DAL,97.30228142,0.71132748,0.600379663,22,,15,0,20,15,0.75,107,7.1,1,4,21,5.4,1,7.1,1,164,74,48,
228,Malik Turner,SEA,196.6958049,1.131756792,0.318559574,23,wr,15,3,22,15,0.68,245,16.3,1,10,33,11.1,1,16.3,0,279,31,110,
229,Mark Walton,MIA,118.4353381,0.572749391,0.499949516,22,rb,7,4,21,15,0.71,89,5.9,0,3,18,4.2,2.1,12.7,1,292,27,82,
230,Justin Watson,TAM,134.4332505,1.197125406,0.310309496,24,wr,16,2,26,15,0.58,159,10.6,2,10,17,6.1,0.9,9.9,0,288,28,114,
231,Darrel Williams,KAN,152.8697553,0.900905951,0.541740293,24,,12,0,19,15,0.79,167,11.1,1,7,52,8.8,1.3,13.9,1,211,53,60,
232,Maxx Williams,ARI,163.661491,1.05704112,0.288875227,25,TE,16,10,19,15,0.79,202,13.5,1,11,28,10.6,0.9,12.6,0,302,26,48,
233,Ryquell Armstead,JAX,123.1534103,1.121211131,0.340773212,23,rb,16,1,24,14,0.58,144,10.3,2,9,31,6,0.9,9,0,257,37,76,
234,Kalen Ballage,MIA,74.60906661,0.455813191,0.359393951,24,rb,12,6,24,14,0.58,63,4.5,0,4,13,2.6,1.2,5.3,0,253,38,75,
235,Trey Burton,CHI,108.1945149,0.592032646,0.288319994,28,te,8,5,24,14,0.58,84,6,0,5,16,3.5,1.8,10.5,0,408,8,82,
236,Anthony Firkser,TEN,168.0727661,1.052336278,0.303539782,24,te,15,1,24,14,0.58,204,14.6,1,9,39,8.5,0.9,13.6,0,294,26,47,
237,Jeff Heuerman,DEN,109.0303837,0.871214752,0.269774948,27,TE,14,11,20,14,0.7,114,8.1,1,9,26,5.7,1,8.1,0,344,17,60,
238,Marlon Mack,IND,73.53933234,0.120803461,0.769123798,23,RB,14,12,17,14,0.82,82,5.9,0,2,14,4.8,1,5.9,0,42,167,17,42
239,Raheem Mostert,SFO,137.5820649,0.868684411,1.004775892,27,,16,0,22,14,0.64,180,12.9,2,6,39,8.2,0.9,11.3,2,61,151,20,61
240,James O'Shaughnessy,JAX,221.4031709,1.169811679,0.395038808,27,te,5,5,20,14,0.7,153,10.9,2,7,35,7.7,2.8,30.6,0,291,27,46,
241,Ricky Seals-Jones,CLE,188.561013,1.769698705,0.509900235,24,te,14,3,22,14,0.64,229,16.4,4,10,59,10.4,1,16.4,1,234,45,36,
242,Tavon Austin,DAL,151.5249169,0.957007181,0.474571299,29,,14,0,24,13,0.54,177,13.6,1,8,59,7.4,0.9,12.6,1,268,34,103,
243,Miles Boykin,BAL,158.6347064,1.473536399,0.33838113,23,WR,16,11,22,13,0.59,198,15.2,3,10,50,9,0.8,12.4,0,255,38,97,
244,Derek Carrier,OAK,100.2474019,0.828932493,0.27116889,29,te,16,4,19,13,0.68,108,8.3,1,4,25,5.7,0.8,6.8,0,332,20,56,
245,Frank Gore,BUF,89.49433799,0.388664514,0.471951985,36,RB,16,8,16,13,0.81,100,7.7,0,5,18,6.3,0.8,6.3,0,150,82,46,
246,Matt LaCosse,NWE,131.5518129,0.889369241,0.288098541,27,TE,11,8,19,13,0.68,131,10.1,1,6,24,6.9,1.2,11.9,0,337,19,57,
247,Scott Miller,TAM,193.2471656,1.032162014,0.336210502,22,wr,10,2,26,13,0.5,200,15.4,1,5,48,7.7,1.3,20,0,287,28,116,
248,Ty Montgomery,NYJ,88.01135993,0.548559891,0.261499223,26,rb,16,2,17,13,0.77,90,6.9,0,3,21,5.3,0.8,5.6,0,338,19,92,
249,Nick O'Leary,2TM,110.869285,0.840957408,0.41461636,27,,12,5,18,13,0.72,109,8.4,1,4,19,6.1,1.1,9.1,1,349,17,62,
250,Geoff Swaim,JAX,101.7093236,0.523196103,0.291981715,26,te,6,2,17,13,0.77,65,5,0,1,9,3.8,2.2,10.8,0,423,7,87,
251,T.J. Yeldon,BUF,167.1936022,0.637492757,0.460006577,26,,6,0,15,13,0.87,124,9.5,0,6,23,8.3,2.2,20.7,1,353,17,96,
252,Seth Devalve,JAX,133.9917205,0.676753457,0.261715312,26,te,12,6,18,12,0.67,140,11.7,0,7,20,7.8,1,11.7,0,362,14,69,
253,Chase Edmonds,ARI,99.69994954,0.654938802,0.456556672,23,rb,13,2,21,12,0.57,105,8.8,1,5,31,5,0.9,8.1,0,169,71,52,
254,Marquise Goodwin,SFO,190.0199731,1.001403778,0.324552602,29,wr,9,6,21,12,0.57,186,15.5,1,10,38,8.9,1.3,20.7,0,296,26,120,
255,N'Keal Harry,NWE,133.4810596,1.023057296,0.353140153,22,wr,7,5,24,12,0.5,105,8.8,2,7,18,4.4,1.7,15,0,290,27,117,
256,Dontrell Hilliard,CLE,92.04101516,0.513667541,0.570495735,24,,14,0,15,12,0.8,92,7.7,0,4,19,6.1,0.9,6.6,2,297,26,84,
257,Dontrelle Inman,2TM,211.3173678,0.773577123,0.317788252,30,,7,1,21,12,0.57,181,15.1,0,9,28,8.6,1.7,25.9,0,342,18,141,
258,Jake Kumerow,GNB,180.5783328,1.084950302,0.311007808,27,wr,14,4,21,12,0.57,219,18.3,1,8,49,10.4,0.9,15.6,0,286,28,115,
259,Sony Michel,NWE,79.81266011,0.178345634,0.96864194,24,RB,16,14,20,12,0.6,94,7.8,0,7,19,4.7,0.8,5.9,2,75,141,24,75
260,Byron Pringle,KAN,140.1649618,0.968711814,0.276435277,26,,16,0,16,12,0.75,170,14.2,1,7,28,10.6,0.8,10.6,0,318,23,131,
261,Damion Ratley,CLE,172.4672698,1.039732532,0.309126279,24,wr,13,3,24,12,0.5,200,16.7,1,11,46,8.3,0.9,15.4,0,301,26,121,
262,Duke Williams,BUF,272.7581181,0.955935562,0.396544818,26,wr,4,3,19,12,0.63,166,13.8,1,8,41,8.7,3,41.5,0,321,23,133,
263,Christian Blake,ATL,107.8012733,0.543033876,0.269612834,23,wr,9,3,24,11,0.46,91,8.3,0,5,13,3.8,1.2,10.1,0,397,9,157,
264,DeAndre Carter,HOU,134.7623566,0.732735808,0.520418505,26,wr,16,3,14,11,0.79,162,14.7,0,6,46,11.6,0.7,10.1,2,361,14,143,
265,Keelan Doss,OAK,151.8586421,0.652633793,0.270265218,23,wr,8,2,14,11,0.79,133,12.1,0,6,31,9.5,1.4,16.6,0,368,13,144,
266,Wayne Gallman,NYG,110.0329868,0.731152565,0.481615194,25,rb,10,2,15,11,0.73,102,9.3,1,4,21,6.8,1.1,10.2,1,258,37,77,
267,Travis Homer,SEA,64.98870057,0.41727493,0.244064385,21,rb,16,1,13,11,0.85,56,5.1,0,3,11,4.3,0.7,3.5,0,345,17,95,
268,Cordarrelle Patterson,CHI,82.11374138,0.4703835,0.285109485,28,wr,16,4,17,11,0.65,83,7.5,0,3,33,4.9,0.7,5.2,0,306,25,125,
269,Dante Pettis,SFO,112.588742,1.027183305,0.31022844,24,wr,11,4,24,11,0.46,109,9.9,2,7,21,4.5,1,9.9,0,311,24,128,
270,Ito Smith,ATL,114.8753324,0.483159751,0.32104076,24,,7,0,14,11,0.79,87,7.9,0,2,11,6.2,1.6,12.4,0,307,25,85,
271,JJ Arcega-Whiteside,PHI,137.6540277,0.975272444,0.286529074,23,wr,16,5,22,10,0.46,169,16.9,1,7,30,7.7,0.6,10.6,0,314,23,132,
272,Vernon Davis,WAS,208.3535444,0.843063642,0.361210517,35,te,4,1,19,10,0.53,123,12.3,1,4,48,6.5,2.5,30.8,0,340,18,58,
273,Brian Hill,ATL,76.02230031,0.555783184,0.394313673,24,rb,12,2,14,10,0.71,69,6.9,1,4,12,4.9,0.8,5.8,0,194,57,57,
274,Mack Hollins,2TM,109.7256107,0.625570512,0.254077125,26,,16,3,23,10,0.44,125,12.5,0,7,20,5.4,0.6,7.8,0,370,13,146,
275,Jordan Howard,PHI,76.96134714,0.42626403,0.553404649,25,rb,10,4,14,10,0.71,69,6.9,1,3,20,4.9,1,6.9,0,126,101,38,
276,Carlos Hyde,HOU,44.42281929,-0.022206925,1.245478284,29,RB,16,14,16,10,0.63,42,4.2,0,2,14,2.6,0.6,2.6,4,72,143,23,72
277,Kerryon Johnson,DET,140.2326664,0.688053717,0.624586899,22,rb,8,7,15,10,0.67,127,12.7,1,7,36,8.5,1.3,15.9,1,160,75,47,
278,Alexander Mattison,MIN,83.02386328,0.355763042,0.530478195,21,,13,0,12,10,0.83,82,8.2,0,3,17,6.8,0.8,6.3,1,190,58,55,
279,C.J. Prosise,SEA,93.26691202,0.451399733,0.413704642,25,,9,0,12,10,0.83,76,7.6,0,3,21,6.3,1.1,8.4,1,339,19,93,
280,Robert Tonyan,GNB,105.6470998,0.775487432,0.2634064,25,te,11,1,15,10,0.67,100,10,1,4,28,6.7,0.9,9.1,0,357,16,65,
281,Andrew Beck,DEN,85.91177403,0.735647899,0.242584021,23,fb,16,6,12,9,0.75,90,10,1,6,29,7.5,0.6,5.6,0,354,16,97,
282,Brandon Bolden,NWE,99.25097252,0.732577298,0.325702126,29,rb,15,2,11,9,0.82,111,12.3,1,6,29,10.1,0.6,7.4,0,240,42,70,
283,Deon Cain,2TM,115.7461544,0.630197413,0.255072583,23,,13,6,20,9,0.45,124,13.8,0,7,35,6.2,0.7,9.5,0,377,12,147,
284,Jaeden Graham,ATL,123.3242949,0.931737957,0.249033626,24,,16,0,10,9,0.9,149,16.6,1,7,53,14.9,0.6,9.3,0,327,21,54,
285,Virgil Green,LAC,79.88589725,0.700012318,0.24000418,31,te,15,4,13,9,0.69,78,8.7,1,4,15,6,0.6,5.2,0,364,14,70,
286,Andy Isabella,ARI,152.0404114,1.057558634,0.280622467,23,wr,15,1,13,9,0.69,189,21,1,4,88,14.5,0.6,12.6,0,298,26,119,
287,DeSean Jackson,PHI,316.0805035,1.184866669,0.394614677,33,wr,3,3,10,9,0.9,159,17.7,2,6,53,15.9,3,53,0,285,28,113,
288,Justin Jackson,LAC,49.41943439,0.236638085,0.29355537,24,,7,0,11,9,0.82,22,2.4,0,0,9,2,1.3,3.1,0,322,22,90,
289,Joshua Perkins,PHI,136.0760767,0.729009328,0.304332562,26,,5,0,13,9,0.69,87,9.7,1,5,24,6.7,1.8,17.4,0,358,15,67,
290,Kalif Raymond,TEN,183.1978149,1.005201401,0.426060853,25,wr,8,1,12,9,0.75,170,18.9,1,6,52,14.2,1.1,21.3,1,330,21,136,
291,Adam Shaheen,CHI,96.85280082,0.466047983,0.382862724,25,te,8,2,13,9,0.69,74,8.2,0,3,18,5.7,1.1,9.3,1,421,7,84,
292,Wendell Smallwood,WAS,70.74797352,0.407364355,0.243389037,25,,15,0,13,9,0.69,64,7.1,0,4,18,4.9,0.6,4.3,0,360,15,98,
293,Darwin Thompson,KAN,59.21940703,0.310351974,0.265960595,23,,12,0,10,9,0.9,43,4.8,0,2,19,4.3,0.8,3.6,0,319,23,89,
294,Laquon Treadwell,MIN,157.3431109,1.044281492,0.288009437,24,wr,13,1,16,9,0.56,184,20.4,1,8,58,11.5,0.7,14.2,0,312,24,127,
295,Damion Willis,CIN,94.94235695,0.491850931,0.244008975,22,wr,10,2,16,9,0.56,82,9.1,0,3,17,5.1,0.9,8.2,0,411,8,159,
296,Mo Alie-Cox,IND,87.53485234,0.528919351,0.215208017,26,te,16,2,11,8,0.73,93,11.6,0,5,21,8.5,0.5,5.8,0,395,9,79,
297,Dan Arnold,2TM,183.3835539,1.096364858,0.336403626,24,,5,1,14,8,0.57,127,15.9,2,6,37,9.1,1.6,25.4,0,303,25,49,
298,Blake Bell,KAN,72.68670016,0.432596576,0.222404545,28,te,15,7,15,8,0.53,67,8.4,0,3,30,4.5,0.5,4.5,0,414,7,85,
299,Antonio Callaway,CLE,157.7078895,0.512949037,0.305353666,22,wr,4,2,15,8,0.53,89,11.1,0,3,41,5.9,2,22.3,0,398,9,158,
300,Tyler Conklin,MIN,66.91691152,0.400405502,0.200165261,24,te,15,1,10,8,0.8,58,7.3,0,2,20,5.8,0.5,3.9,0,427,6,89,
301,Trevor Davis,3TM,102.1198573,0.570003006,0.680998305,26,,14,4,11,8,0.73,111,13.9,0,4,28,10.1,0.6,7.9,3,333,20,137,
302,Hale Hentges,WAS,106.1039479,0.788436188,0.260232267,23,te,11,4,14,8,0.57,103,12.9,1,6,24,7.4,0.7,9.4,0,356,16,64,
303,Justice Hill,BAL,70.26107414,0.342346228,0.340874551,22,,16,0,15,8,0.53,70,8.8,0,5,14,4.7,0.5,4.4,0,241,42,71,
304,Chris Hogan,CAR,94.8208002,0.432596576,0.252876308,32,wr,7,1,15,8,0.53,67,8.4,0,3,13,4.5,1.1,9.6,0,418,7,165,
305,Jesper Horsted,CHI,122.7503776,0.733385783,0.405647688,22,te,6,1,10,8,0.8,87,10.9,1,4,20,8.7,1.3,14.5,1,371,13,73,
306,Rashaad Penny,SEA,89.69840957,0.558460145,0.567925032,23,,10,0,11,8,0.73,83,10.4,1,3,30,7.5,0.8,8.3,1,178,67,53,
307,Patrick Ricard,BAL,59.16634603,0.611949667,0.184744302,25,fb,16,7,11,8,0.73,47,5.9,1,3,10,4.3,0.5,2.9,0,,,,
308,Luke Stocker,ATL,63.52857656,0.38099068,0.354000992,31,TE,15,9,14,8,0.57,53,6.6,0,2,18,3.8,0.5,3.5,1,445,5,90,
309,Tommy Sweeney,BUF,152.1374258,0.609271811,0.270288182,24,te,6,1,13,8,0.62,114,14.3,0,4,29,8.8,1.3,19,0,383,11,75,
310,Ryan Switzer,PIT,52.15244007,0.284667905,0.356372792,25,,9,0,11,8,0.73,27,3.4,0,2,8,2.5,0.9,3,1,476,3,186,
311,Luke Willson,SEA,100.347507,0.4775639,0.232328111,29,te,8,7,10,8,0.8,79,9.9,0,5,17,7.9,1,9.9,0,412,8,83,
312,Brandon Zylstra,CAR,124.524741,0.577331184,0.39272015,26,,8,0,12,8,0.67,106,13.3,0,5,40,8.8,1,13.3,1,384,11,150,
313,Daniel Brown,NYJ,72.98927543,0.674381874,0.229953629,27,te,16,5,11,7,0.64,72,10.3,1,4,24,6.5,0.4,4.5,0,367,13,71,
314,Mike Davis,2TM,44.72596077,0.22935895,0.196272534,26,,12,1,8,7,0.88,22,3.1,0,1,7,2.8,0.6,1.8,0,437,5,123,
315,Gus Edwards,BAL,49.94684382,0.096330035,0.734227795,24,rb,16,1,7,7,1,45,6.4,0,2,10,6.4,0.4,2.8,2,139,86,43,
316,Myles Gaskin,MIA,76.92244495,0.307580862,0.301848694,22,,7,0,12,7,0.58,51,7.3,0,2,20,4.3,1,7.3,0,310,24,86,
317,Derrius Guice,WAS,121.2266792,0.597408669,0.39620325,22,rb,5,1,9,7,0.78,79,11.3,1,2,45,8.8,1.4,15.8,0,218,50,62,
318,Marvin Hall,DET,242.9178611,1.477906482,0.317965283,26,,9,0,11,7,0.64,261,37.3,1,7,58,23.7,0.8,29,0,271,33,104,
319,J.P. Holtz,2TM,86.861521,0.533796697,0.204733336,26,,15,7,8,7,0.88,91,13,0,4,30,11.4,0.5,6.1,0,401,9,81,
320,Bilal Powell,NYJ,49.71481608,0.218647995,0.283225273,31,rb,13,1,12,7,0.58,33,4.7,0,0,9,2.8,0.5,2.5,0,299,26,83,
321,Durham Smythe,MIA,69.35617145,0.421503608,0.219420855,24,TE,16,14,14,7,0.5,65,9.3,0,2,24,4.6,0.4,4.1,0,422,7,86,
322,Danny Vitale,GNB,90.55205513,0.559599645,0.229067557,26,fb,15,4,12,7,0.58,97,13.9,0,3,27,8.1,0.5,6.5,0,393,10,107,
323,Jordan Wilkins,IND,53.96747027,0.201548915,0.350117404,25,rb,14,1,11,7,0.64,43,6.1,0,1,11,3.9,0.5,3.1,0,230,47,64,
324,Kenjon Barner,ATL,43.05234314,0.196909326,0.773370406,29,,14,0,8,6,0.75,22,3.7,0,1,13,2.8,0.4,1.6,4,396,9,110,
325,Travis Benjamin,LAC,65.31746368,0.256093845,0.254890187,30,wr,5,2,16,6,0.38,30,5,0,3,13,1.9,1.2,6,0,458,3,181,
326,Braxton Berrios,NYJ,97.73487818,0.68904544,0.373528085,24,,16,0,13,6,0.46,115,19.2,0,3,69,8.8,0.4,7.2,1,386,10,155,
327,Reggie Bonnafon,CAR,62.00309315,0.340954328,0.261707265,23,,16,0,9,6,0.67,57,9.5,0,1,32,6.3,0.4,3.6,0,315,23,88,
328,Devontae Booker,DEN,63.39762942,0.388052202,0.207549549,27,,16,0,9,6,0.67,57,9.5,0,1,25,6.3,0.4,3.6,0,415,7,118,
329,Ben Braunecker,CHI,71.45443374,0.621515645,0.237932208,25,te,11,3,11,6,0.55,59,9.8,1,5,18,5.4,0.5,5.4,0,375,12,74,
330,Trey Edmunds,PIT,63.3112532,0.31953594,0.223054246,25,,11,0,7,6,0.86,48,8,0,2,11,6.9,0.5,4.4,0,363,14,100,
331,Troy Fumagalli,DEN,56.50338816,0.515610682,0.222782748,24,te,11,5,9,6,0.67,38,6.3,1,1,9,4.2,0.5,3.5,0,387,10,78,
332,Deonte Harris,NOR,44.07974819,0.203547897,0.61813805,22,wr,14,1,6,6,1,24,4,0,2,13,4,0.4,1.7,3,388,10,154,
333,Alec Ingold,OAK,55.25657892,0.541664076,0.201429535,23,fb,16,4,6,6,1,44,7.3,1,4,14,7.3,0.4,2.8,0,379,12,102,
334,Ryan Izzo,NWE,148.0348009,0.900651335,0.271869884,24,te,6,4,9,6,0.67,114,19,1,4,41,12.7,1,19,0,346,17,59,
335,Richie James,SFO,126.7220877,1.16331582,0.397600288,24,wr,16,1,10,6,0.6,165,27.5,1,5,57,16.5,0.4,10.3,1,335,20,138,
336,D'Ernest Johnson,CLE,71.30693274,0.455628411,0.201051333,23,,16,0,7,6,0.86,71,11.8,0,1,27,10.1,0.4,4.4,0,402,9,109,
337,Tyler Kroft,BUF,80.07233986,0.682453284,0.24969681,27,te,11,3,14,6,0.43,71,11.8,1,5,20,5.1,0.5,6.5,0,372,13,72,
338,Zach Line,NOR,54.00145082,0.279203621,0.214131503,29,fb,12,2,10,6,0.6,36,6,0,1,12,3.6,0.5,3,0,431,6,119,
339,Andre Patton,LAC,66.2206025,0.384607693,0.231589306,25,wr,13,5,17,6,0.35,56,9.3,0,4,15,3.3,0.5,4.3,0,432,6,168,
340,MyCole Pruitt,TEN,82.19076893,0.778776058,0.22904191,27,TE,16,10,8,6,0.75,90,15,1,4,42,11.3,0.4,5.6,0,359,15,66,
341,Riley Ridley,CHI,111.5968726,0.451933457,0.234910635,23,,5,0,7,6,0.86,69,11.5,0,4,32,9.9,1.2,13.8,0,420,7,164,
342,Diontae Spencer,DEN,47.91274094,0.265425588,0.608516995,27,wr,16,2,8,6,0.75,31,5.2,0,1,20,3.9,0.4,1.9,3,496,2,199,
343,Darren Sproles,PHI,53.97463479,0.20060428,0.397608335,36,rb,6,1,10,6,0.6,24,4,0,1,7,2.4,1,4,1,382,11,103,
344,Marcell Ateman,OAK,109.4649377,0.776968419,0.375813463,25,,11,0,10,5,0.5,116,23.2,0,4,36,11.6,0.5,10.5,1,385,10,153,
345,Stephen Carlson,CLE,68.90273938,0.597395981,0.228452983,23,te,9,5,7,5,0.71,51,10.2,1,2,21,7.3,0.6,5.7,0,381,11,76,
346,Patrick DiMarco,BUF,52.94963804,0.312577087,0.192907958,30,fb,16,4,7,5,0.71,41,8.2,0,1,27,5.9,0.3,2.6,0,438,5,125,
347,Andy Janovich,DEN,67.57211131,0.304247127,0.209895702,26,fb,7,3,5,5,1,42,8.4,0,1,22,8.4,0.7,6,0,389,10,105,
348,David Njoku,CLE,85.93199649,0.536458343,0.27528307,23,te,4,1,10,5,0.5,41,8.2,1,3,18,4.1,1.3,10.3,0,392,10,77,
349,Drew Sample,CIN,52.837778,0.24819494,0.19299438,23,te,9,2,6,5,0.83,30,6,0,1,21,5,0.6,3.3,0,471,3,95,
350,Devin Smith,DAL,185.2005798,0.975798063,0.294787199,27,wr,4,2,9,5,0.56,113,22.6,1,4,51,12.6,1.3,28.3,0,350,17,142,
351,Spencer Ware,KAN,67.43162908,0.185315467,0.411937862,28,rb,3,1,7,5,0.71,22,4.4,0,1,18,3.1,1.7,7.3,1,424,7,114,
352,Jonathan Williams,IND,73.13454594,0.339254834,0.289438507,25,rb,9,1,5,5,1,59,11.8,0,3,31,11.8,0.6,6.6,0,267,35,79,
353,Cedrick Wilson,DAL,76.5947339,0.344517715,0.223887591,24,,6,0,8,5,0.63,46,9.2,0,2,14,5.8,0.8,7.7,0,448,5,172,
354,Nick Bawden,DET,41.36684654,0.156999958,0.190625262,23,fb,10,2,6,4,0.67,17,4.3,0,1,10,2.8,0.4,1.7,0,478,2,135,
355,Khari Blasingame,TEN,82.59794435,0.442022882,0.206937658,23,fb/rb,6,3,5,4,0.8,54,13.5,0,2,24,10.8,0.7,9,0,435,5,120,
356,Antonio Brown,NWE,286.4969917,0.675987217,0.419175716,31,,1,0,8,4,0.5,56,14,1,3,20,7,4,56,0,376,12,148,
357,Tra Carson,2TM,59.89533747,0.148669998,0.230212892,27,,3,1,4,4,1,18,4.5,0,0,8,4.5,1.3,6,0,416,7,117,
358,Michael Crabtree,ARI,83.08769824,0.195328711,0.262805238,32,wr,2,1,5,4,0.8,22,5.5,0,0,9,4.4,2,11,0,481,2,189,
359,Ryan Grant,OAK,63.70183807,0.134391073,0.284559617,29,wr,2,1,9,4,0.44,14,3.5,0,1,9,1.6,2,7,0,506,1,204,
360,Darrell Henderson,LAR,50.02868241,0.269605223,0.239704352,22,,13,0,6,4,0.67,37,9.3,0,1,14,6.2,0.3,2.8,0,341,18,94,
361,Rashard Higgins,CLE,67.02380197,0.669599092,0.246121511,25,wr,10,1,11,4,0.36,55,13.8,1,3,35,5,0.4,5.5,0,378,12,149,
362,KhaDarel Hodge,CLE,69.91897203,0.608865484,0.224710206,24,wr,16,1,10,4,0.4,76,19,0,3,41,7.6,0.3,4.8,0,409,8,161,
363,Tevin Jones,PIT,98.20958966,0.496572395,0.243333627,27,,5,0,10,4,0.4,61,15.3,0,1,28,6.1,0.8,12.2,0,429,6,166,
364,Jordan Matthews,2TM,85.8677509,0.281818852,0.263460375,27,,3,1,12,4,0.33,33,8.3,0,1,10,2.8,1.3,11,0,467,3,177,
365,Donte Moncrief,2TM,44.27305748,0.163388083,0.223636374,26,,8,2,15,4,0.27,18,4.5,0,1,11,1.2,0.5,2.3,0,489,2,194,
366,Johnny Mundt,LAR,44.9968333,0.224325722,0.195914613,25,te,13,2,7,4,0.57,26,6.5,0,1,9,3.7,0.3,2,0,469,3,98,
367,JJ Nelson,OAK,116.4682128,0.522171312,0.289884096,27,wr,2,1,5,4,0.8,36,9,1,1,29,7.2,2,18,0,391,10,152,
368,Trent Sherfield,ARI,71.84344607,0.640806112,0.230995015,23,wr,16,1,13,4,0.31,80,20,0,4,38,6.2,0.3,5,0,410,8,160,
369,Lee Smith,BUF,45.32238624,0.486786176,0.200162578,32,te,16,5,5,4,0.8,31,7.8,1,2,9,6.2,0.3,1.9,0,404,9,80,
370,Ross Travis,IND,116.6619841,0.425551677,0.380877173,26,te,3,1,6,4,0.67,51,12.8,0,1,25,8.5,1.3,17,1,477,3,94,
371,Clive Walford,MIA,79.35903913,0.464631767,0.226193251,28,te,7,3,8,4,0.5,57,14.3,0,4,19,7.1,0.6,8.1,0,434,6,88,
372,DeAndrew White,CAR,64.84143363,0.419664443,0.216841013,28,,10,0,9,4,0.44,51,12.8,0,3,18,5.7,0.4,5.1,0,447,5,169,
373,Mike Boone,MIN,33.77441569,0.029414534,0.327200089,24,rb,16,2,4,3,0.75,17,5.7,0,0,7,4.3,0.2,1.1,0,225,47,65,
374,Cody Core,NYG,42.90530917,0.273919947,0.18874105,25,,16,0,5,3,0.6,28,9.3,0,2,11,5.6,0.2,1.8,0,461,3,183,
375,Geremy Davis,LAC,60.39792709,0.379574465,0.174350677,27,wr,7,1,3,3,1,38,12.7,0,1,19,12.7,0.4,5.4,0,451,4,174,
376,Robert Foster,BUF,63.0597517,0.639545778,0.239077615,25,wr,13,2,18,3,0.17,64,21.3,0,3,24,3.6,0.2,4.9,0,400,9,156,
377,Devin Funchess,IND,174.7257186,0.318636826,0.330942608,25,wr,1,1,5,3,0.6,32,10.7,0,2,16,6.4,3,32,0,463,3,178,
378,Jon Hilliman,NYG,30.80346309,-0.019432937,0.507983919,24,rb,3,1,4,3,0.75,1,0.3,0,0,5,0.3,1,0.3,2,439,5,121,
379,Johnny Holton,PIT,39.30537466,0.200456503,0.216673535,28,wr,16,3,15,3,0.2,21,7,0,1,18,1.4,0.2,1.3,0,464,3,182,
380,T.J. Jones,NYG,91.55711918,0.600512103,0.666067616,27,,3,0,4,3,0.75,38,12.7,1,2,28,9.5,1,12.7,3,390,10,151,
381,Lance Kendricks,LAC,57.51052265,0.504393359,0.212460698,31,te,12,1,7,3,0.43,50,16.7,0,3,24,7.1,0.3,4.2,0,442,5,92,
382,Chris Lacy,DET,78.55131954,0.606853813,0.23000224,23,wr,7,2,10,3,0.3,60,20,0,2,48,6,0.4,8.6,0,430,6,167,
383,Marqise Lee,JAX,46.16862212,0.171459493,0.190117392,28,wr,6,1,4,3,0.75,18,6,0,2,8,4.5,0.5,3,0,487,2,193,
384,Chris Moore,BAL,40.2605371,0.203400121,0.185356193,26,wr,14,1,5,3,0.6,21,7,0,0,13,4.2,0.2,1.5,0,490,2,190,
385,Stanley Morgan,CIN,40.09259466,0.171459493,0.211384183,23,,11,0,10,3,0.3,18,6,0,0,9,1.8,0.3,1.6,0,491,2,195,
386,Josh Oliver,JAX,49.03869341,0.139518865,0.222811076,22,te,4,1,6,3,0.5,15,5,0,0,6,2.5,0.8,3.8,0,492,2,100,
387,Devine Ozigbo,JAX,43.84698575,0.216927709,0.200589392,23,,10,0,5,3,0.6,23,7.7,0,1,12,4.6,0.3,2.3,0,443,5,122,
388,Andre Roberts,BUF,39.94734269,0.190874315,0.341771766,31,,13,0,7,3,0.43,20,6.7,0,1,7,2.9,0.2,1.5,1,470,3,187,
389,Russell Shepard,NYG,70.51349226,0.24197932,0.244732933,29,,3,0,8,3,0.38,25,8.3,0,1,12,3.1,1,8.3,0,473,3,188,
390,Benny Snell,PIT,37.31905009,0.069746852,0.495438358,21,rb,13,2,4,3,0.75,23,7.7,0,0,14,5.8,0.2,1.8,1,203,55,59,
391,Derek Watt,LAC,43.91502049,0.298031506,0.212435051,27,fb,16,2,5,3,0.6,32,10.7,0,1,21,6.4,0.2,2,0,394,10,106,
392,Bobo Wilson,TAM,61.70630757,0.353521071,0.647114604,24,wr,6,1,11,3,0.27,35,11.7,0,2,14,3.2,0.5,5.8,3,497,2,201,
393,Jeff Wilson,SFO,47.47973016,0.455712242,0.332598826,24,,10,0,5,3,0.6,34,11.3,1,1,25,6.8,0.3,3.4,0,237,44,68,
394,Deon Yelder,KAN,63.58655011,0.504393359,0.19011471,24,te,9,1,4,3,0.75,50,16.7,0,2,24,12.5,0.3,5.6,0,449,5,91,
395,Olamide Zaccheaus,ATL,100.6295583,1.376981535,0.26490168,22,,10,0,5,3,0.6,115,38.3,1,2,93,23,0.3,11.5,0,313,24,129,
396,Alex Armah,CAR,31.19220968,0.018136374,0.172654225,25,fb,16,1,2,2,1,6,3,0,0,4,3,0.1,0.4,0,405,8,112,
397,Chad Beebe,MIN,135.3832156,1.043180081,0.62321936,25,,3,0,2,2,1,70,35,0,2,61,35,0.7,23.3,3,413,7,163,
398,Josh Bellamy,NYJ,43.59714068,0.259382472,0.185546635,30,,7,0,3,2,0.67,20,10,0,1,15,6.7,0.3,2.9,0,479,2,192,
399,Nick Bellore,SEA,37.65329212,0.528231051,0.172654225,30,fb,14,1,2,2,1,23,11.5,1,2,20,11.5,0.1,1.6,0,406,8,111,
400,C.J. Board,JAX,65.58688109,0.432112307,0.210960052,26,,4,0,4,2,0.5,31,15.5,0,1,23,7.8,0.5,7.8,0,459,3,179,
401,Fred Brown,DEN,38.02882453,0.275352785,0.321627418,26,wr,13,1,3,2,0.67,21,10.5,0,1,16,7,0.2,1.6,1,480,2,191,
402,Malcolm Brown,LAR,30.69654955,0.033602274,0.385299144,26,rb,14,1,6,2,0.33,16,8,0,0,10,2.7,0.1,1.1,0,192,57,58,
403,Pharaoh Brown,CLE,44.45994955,0.368231052,0.183852865,25,te,9,6,3,2,0.67,27,13.5,0,1,18,9,0.2,3,0,460,3,96,
404,Deontay Burnett,PHI,241.1344115,0.697720409,0.293909173,22,wr,1,1,4,2,0.5,48,24,0,1,41,12,2,48,0,436,5,170,
405,Cethan Carter,CIN,33.96534344,0.371471529,0.192313667,24,,15,0,3,2,0.67,13,6.5,1,2,8,4.3,0.1,0.9,0,417,7,115,
406,Robert Davis,2TM,42.94201068,0.21147153,0.204401062,24,,6,3,5,2,0.4,17,8.5,0,2,11,3.4,0.3,2.8,0,483,2,197,
407,Ashton Dulin,IND,36.43198126,0.21147153,0.157423708,22,,13,0,2,2,1,17,8.5,0,0,13,8.5,0.2,1.3,0,484,2,196,
408,Tyler Ervin,2TM,35.12172125,0.115649646,0.474658134,26,,10,0,4,2,0.5,11,5.5,0,1,6,2.8,0.2,1.1,2,485,2,133,
409,Rico Gafford,OAK,105.0532937,1.200236463,0.209893019,23,wr,4,1,2,2,1,66,33,1,2,49,33,0.5,16.5,0,369,13,145,
410,Wes Hills,DET,32.90472362,-0.079376898,0.289457283,24,rb,1,1,2,2,1,1,0.5,0,0,2,0.5,2,1,0,365,14,99,
411,Alexander Hollins,MIN,72.59423172,0.665779782,0.21265114,23,wr,5,1,4,2,0.5,46,23,0,2,35,11.5,0.4,9.2,0,440,5,171,
412,Cody Hollister,TEN,41.86632789,0.150533891,0.164196105,26,,5,0,2,2,1,13,6.5,0,0,11,6.5,0.4,2.6,0,512,1,205,
413,Tanner Hudson,TAM,43.95223824,0.352260738,0.202707292,25,te,9,1,5,2,0.4,26,13,0,1,14,5.2,0.2,2.9,0,465,3,97,
414,Ishmael Hyman,TAM,105.7361896,0.480023249,0.236353188,24,wr,2,1,4,2,0.5,34,17,0,2,31,8.5,1,17,0,466,3,176,
415,Darius Jennings,TEN,39.90399695,0.21147153,0.204401062,27,,8,0,5,2,0.4,17,8.5,0,2,11,3.4,0.3,2.1,0,486,2,198,
416,T.J. Logan,TAM,35.26913995,0.147590274,0.180468008,25,,12,0,3,2,0.67,13,6.5,0,1,11,4.3,0.2,1.1,0,488,2,132,
417,Steven Mitchell,HOU,85.47206693,0.524990574,0.23637347,25,wr,3,1,6,2,0.33,37,18.5,0,2,21,6.2,0.7,12.3,0,454,4,175,
418,Jason Moore,LAC,51.19416608,0.620812457,0.20609215,24,,10,0,5,2,0.4,43,21.5,0,2,32,8.6,0.2,4.3,0,455,4,173,
419,Isaac Nauta,DET,40.13032004,0.150533891,0.182161778,22,,6,0,3,2,0.67,13,6.5,0,1,10,4.3,0.3,2.2,0,521,1,101,
420,Roosevelt Nix,PIT,35.64807678,0.009744683,0.199091429,27,,3,0,3,2,0.67,4,2,0,0,4,1.3,0.7,1.3,0,587,,150,
421,Gunner Olszewski,NWE,50.79225751,0.485910483,0.335192494,23,,8,0,4,2,0.5,34,17,0,1,29,8.5,0.3,4.3,1,522,1,203,
422,Elijhaa Penny,NYG,32.5428172,0.074878167,0.197415259,26,rb,16,1,4,2,0.5,9,4.5,0,0,9,2.3,0.1,0.6,0,444,5,126,
423,Troymaine Pope,LAC,34.47305475,0.387441843,0.333473077,26,,14,0,3,2,0.67,14,7,1,1,13,4.7,0.1,1,1,419,7,113,
424,Eric Saubert,CHI,76.6549991,0.275352785,0.221097025,25,,2,0,3,2,0.67,21,10.5,0,1,11,7,1,10.5,0,494,2,99,
425,Da'Mari Scott,NYG,50.16743028,0.288379482,0.194010119,24,wr,5,2,3,2,0.67,22,11,0,2,11,7.3,0.4,4.4,0,472,3,185,
426,Anthony Sherman,KAN,37.14737143,0.288379482,0.178774238,31,,16,0,3,2,0.67,22,11,0,2,15,7.3,0.1,1.4,0,474,3,129,
427,Scott Simonson,NYG,39.98290135,0.118593264,0.164196105,27,te,5,1,2,2,1,11,5.5,0,1,10,5.5,0.4,2.2,0,527,1,105,
428,Cam Sims,WAS,48.36596721,0.368231052,0.188931492,23,wr,7,1,3,2,0.67,27,13.5,0,1,15,9,0.3,3.9,0,475,3,184,
429,Mike Thomas,LAR,34.56200389,0.166504205,0.190858951,25,,16,0,5,2,0.4,14,7,0,1,9,2.8,0.1,0.9,0,532,1,202,
430,Levine Toilolo,SFO,33.83316454,0.10262295,0.154038851,28,,13,0,2,2,1,10,5,0,0,8,5,0.2,0.8,0,533,1,106,
431,Michael Walker,JAX,40.19237084,0.194248988,0.450941168,23,,7,0,3,2,0.67,15,7.5,0,1,9,5,0.3,2.1,2,619,-3,245,
432,Trevon Wesco,NYJ,45.32581749,0.681750095,0.185543953,24,te,16,1,3,2,0.67,47,23.5,0,2,32,15.7,0.1,2.9,0,446,5,93,
433,Zach Zenner,3TM,47.42944899,0.243412158,0.190625262,28,,5,0,3,2,0.67,19,9.5,0,2,13,6.3,0.4,3.8,0,498,2,136,
434,Jamal Agnew,DET,29.457424,-0.15785736,0.321650382,24,,13,0,2,1,0.5,-2,-2,0,0,-2,-1,0.1,-0.2,1,,,,
435,Javorius Allen,NYG,29.89452472,0.161109757,0.217724403,28,,10,0,2,1,0.5,9,9,0,0,9,4.5,0.1,0.9,0,380,11,104,
436,Antony Auclair,TAM,32.32190567,0.254427184,0.195747136,26,te,8,5,3,1,0.33,11,11,0,1,11,3.7,0.1,1.4,0,500,1,104,
437,David Blough,DET,35.66169522,0.59253984,0.474595698,24,qb,5,5,1,1,1,19,19,1,1,19,19,0.2,3.8,1,205,54,40,
438,Garrett Bradbury,MIN,29.63763607,-0.221738616,0.145575366,24,C,16,16,1,1,1,-4,-4,0,0,-4,-4,0.1,-0.3,0,,,,
439,Jacoby Brissett,IND,10.61760362,-0.668859765,1.86820527,27,QB,15,15,1,1,1,2,2,0,0,2,2,0.1,0.1,7,89,217,23,
440,Ventell Bryant,DAL,30.04936603,0.600183716,0.172654225,23,,12,0,1,1,1,15,15,1,1,15,15,0.1,1.3,0,407,8,162,
441,Kevin Byard,TEN,29.37105046,0.257370801,0.145575366,26,FS/s,16,16,1,1,1,11,11,0,1,11,11,0.1,0.7,0,,,,
442,Austin Carr,NOR,33.37012166,0.190545928,0.20641226,26,wr,6,3,4,1,0.25,9,9,0,1,9,2.3,0.2,1.5,0,502,1,210,
443,Sean Culkin,LAC,38.95883004,0.286367812,0.194033084,26,te,4,2,2,1,0.5,12,12,0,1,12,6,0.3,3,0,503,1,102,
444,Andy Dalton,CIN,11.94445711,-0.819292892,1.961976678,32,QB,13,13,1,1,1,-4,-4,0,0,-4,-4,0.1,-0.3,8,91,203,26,
445,Darrell Daniels,ARI,30.21879368,0.033786407,0.192362278,25,,11,0,3,1,0.33,4,4,0,1,4,1.3,0.1,0.4,0,549,,113,
446,Cody Davis,JAX,29.29747263,0.12960829,0.145575366,30,,16,0,1,1,1,7,7,0,1,7,7,0.1,0.4,0,,,,
447,Rashard Davis,TEN,94.06349846,0.411186706,0.198052725,25,,1,0,1,1,1,16,16,0,1,16,16,1,16,0,482,2,200,
448,Dion Dawkins,BUF,29.83810884,0.176563864,0.145575366,25,T,16,16,1,1,1,1,1,1,1,1,1,0.1,0.1,0,,,,
449,Michael Deiter,MIA,29.71121389,-0.093976105,0.145575366,23,G,16,15,1,1,1,0,0,0,0,0,0,0.1,0,0,,,,
450,Jeff Driskel,DET,31.58057556,-0.070118514,0.489828897,26,qb,3,3,1,1,1,6,6,0,0,6,6,0.3,2,1,193,57,38,
451,Quincy Enunwa,NYJ,13.75388053,-0.215851382,0.372459617,27,wr,1,1,3,1,0.33,-4,-4,0,0,8,-1.3,1,-4,1,615,-2,244,
452,Zach Gentry,PIT,32.82280545,0.033786407,0.15573262,23,,4,0,1,1,1,4,4,0,1,4,4,0.3,1,0,562,,114,
453,Cyril Grayson,TAM,35.29992227,0.001845779,0.165889875,26,,2,0,1,1,1,3,3,0,0,3,3,0.5,1.5,0,566,,214,
454,Xavier Grimble,PIT,33.12991246,0.001845779,0.202519532,27,te,3,1,3,1,0.33,3,3,0,0,3,1,0.3,1,0,567,,115,
455,Dwayne Harris,OAK,37.45635138,0.126664673,0.159117478,32,,3,0,1,1,1,7,7,0,0,7,7,0.3,2.3,0,510,1,211,
456,Chris Herndon,NYJ,57.85444358,0.126664673,0.229583473,23,,1,0,2,1,0.5,7,7,0,0,7,3.5,1,7,0,511,1,109,
457,Krishawn Hogan,NOR,30.65279564,0.033786407,0.145575366,24,,8,0,1,1,1,4,4,0,0,4,4,0.1,0.5,0,571,,213,
458,Jakob Johnson,NWE,33.7305458,0.062783417,0.194033084,25,fb,4,3,2,1,0.5,5,5,0,0,5,2.5,0.3,1.3,0,514,1,149,
459,Charles Jones,JAX,33.7305458,0.062783417,0.159117478,23,,4,0,1,1,1,5,5,0,0,5,5,0.3,1.3,0,515,1,111,
460,Taiwan Jones,HOU,29.98347386,0.17877146,0.162499653,31,,11,0,1,1,1,9,9,0,0,9,9,0.1,0.8,0,441,5,124,
461,Dennis Kelly,TEN,29.83810884,0.176563864,0.145575366,29,t,15,4,1,1,1,1,1,1,1,1,1,0.1,0.1,0,,,,
462,Ben Koyack,JAX,30.33210793,0.190545928,0.195747136,26,te,11,6,3,1,0.33,9,9,0,0,9,3,0.1,0.8,0,517,1,107,
463,Chris Manhertz,CAR,29.28389194,0.254427184,0.148960224,27,te,15,6,1,1,1,11,11,0,1,11,11,0.1,0.7,0,518,1,103,
464,Codey McElroy,TAM,150.4371163,0.855411878,0.201437582,27,,1,0,1,1,1,30,30,0,1,30,30,1,30,0,468,3,180,
465,Kaleb McGary,ATL,29.76453102,-0.189797988,0.145575366,24,T,16,16,1,1,1,-3,-3,0,0,-3,-3,0.1,-0.2,0,,,,
466,Qadree Ollison,ATL,28.85272693,0.041299776,0.423196101,23,,8,0,2,1,0.5,7,7,0,1,7,3.5,0.1,0.9,1,281,30,81,
467,Ricky Ortiz,NOR,61.88735618,0.158605301,0.194667867,25,,1,0,1,1,1,8,8,0,0,8,8,1,8,0,523,1,145,
468,Paul Perkins,DET,36.5806618,0.181715077,0.16927205,25,,4,0,1,1,1,9,9,0,0,9,9,0.3,2.3,0,456,4,128,
469,Senorise Perry,BUF,29.83810884,-0.062035477,0.145575366,28,,11,0,1,1,1,1,1,0,0,1,1,0.1,0.1,0,590,,151,
470,David Quessenberry,TEN,30.70611276,0.176563864,0.15573262,29,,4,0,1,1,1,1,1,1,1,1,1,0.3,0.3,0,,,,
471,Elandon Roberts,NWE,28.45719439,1.358367093,0.145575366,25,lb,16,3,1,1,1,38,38,1,1,38,38,0.1,2.4,0,,,,
472,Ty Sambrailo,ATL,30.68052132,1.262545209,0.145575366,27,,13,0,1,1,1,35,35,1,1,35,35,0.1,2.7,0,,,,
473,Jason Sanders,MIA,29.83810884,0.176563864,0.145575366,24,K,16,0,1,1,1,1,1,1,1,1,1,0.1,0.1,0,,,,
474,Bo Scarbrough,DET,27.98703679,-0.057904885,0.486350819,23,rb,6,5,4,1,0.25,5,5,0,0,5,1.3,0.2,0.8,1,244,42,69,
475,Dalton Schultz,DAL,29.51742113,0.094724045,0.183875829,23,,16,0,2,1,0.5,6,6,0,0,6,3,0.1,0.4,0,525,1,110,
476,Jaleel Scott,BAL,36.46145252,0.094724045,0.20590439,24,,3,0,3,1,0.33,6,6,0,0,6,2,0.3,2,0,526,1,212,
477,Nick Scott,LAR,28.72378,0.640658335,0.145575366,24,,16,0,1,1,1,23,23,0,1,23,23,0.1,1.4,0,,,,
478,Darrius Shepherd,GNB,30.44642784,-0.056148243,0.319959295,24,,6,0,2,1,0.5,1,1,0,0,1,0.5,0.2,0.2,1,617,-2,241,
479,Jeff Smith,NYJ,78.01900658,0.286367812,0.229583473,22,,1,0,2,1,0.5,12,12,0,1,12,6,1,12,0,528,1,206,
480,Keith Smith,ATL,29.01652135,0.315364822,0.199131993,27,fb,16,5,3,1,0.33,13,13,0,1,13,4.3,0.1,0.8,0,495,2,134,
481,Tyrone Swoopes,SEA,32.42853992,0.062783417,0.154038851,25,te,5,2,1,1,1,5,5,0,0,5,5,0.2,1,0,529,1,112,
482,Wyatt Teller,CLE,29.94474309,-0.253679244,0.145575366,25,G,15,9,1,1,1,-5,-5,0,0,-5,-5,0.1,-0.3,0,,,,
483,De'Anthony Thomas,2TM,29.51742113,0.094724045,0.607354059,26,,14,0,2,1,0.5,6,6,0,0,6,3,0.1,0.4,3,530,1,208,
484,Jordan Thomas,HOU,34.11123064,0.158605301,0.200825763,23,te,5,2,3,1,0.33,8,8,0,0,8,2.7,0.2,1.6,0,531,1,108,
485,Eric Tomlinson,3TM,29.83810884,-0.062035477,0.145575366,27,,8,3,1,1,1,1,1,0,0,1,1,0.1,0.1,0,603,,116,
486,John Ursua,SEA,42.30395078,0.254427184,0.159117478,25,,3,0,1,1,1,11,11,0,1,11,11,0.3,3.7,0,535,1,209,
487,Vita Vea,TAM,29.83810884,0.176563864,0.145575366,24,DL/dt,16,16,1,1,1,1,1,1,1,1,1,0.1,0.1,0,,,,
488,Dwayne Washington,NOR,28.99447003,0.077062342,0.169269367,25,,16,0,1,1,1,6,6,0,0,6,6,0.1,0.4,0,425,7,116,
489,Deshaun Watson,HOU,1.713854186,-0.605690476,2.640323802,24,QB,15,15,1,1,1,6,6,1,1,6,6,0.1,0.4,10,17,320,4,17
490,Kerrith Whyte,PIT,32.32421946,0.155222523,0.194657138,23,,6,0,1,1,1,9,9,0,1,9,9,0.2,1.5,0,374,13,101,
491,Christian Wilkins,MIA,29.83810884,0.176563864,0.286734776,24,DT,16,14,1,1,1,1,1,1,1,1,1,0.1,0.1,1,,,,
