,Rk_x,Player,Tm_x,Age_x,Pos_x,G_x,GS_x,QBrec_x,Cmp_x,Att_x,Cmp%_x,Yds_x,TD_x,TD%_x,Int_x,Int%_x,1D_x,Lng_x,Y/A_x,AY/A_x,Y/C_x,Y/G_x,Rate_x,QBR_x,Sk_x,Yds.1_x,NY/A_x,ANY/A_x,Sk%_x,4QC_x,GWD_x,Rk_y,Tm_y,Age_y,Pos_y,G_y,GS_y,QBrec_y,Cmp_y,Att_y,Cmp%_y,Yds_y,TD_y,TD%_y,Int_y,Int%_y,1D_y,Lng_y,Y/A_y,AY/A_y,Y/C_y,Y/G_y,Rate_y,QBR_y,Sk_y,Yds.1_y,NY/A_y,ANY/A_y,Sk%_y,4QC_y,GWD_y
0,1,Peyton Manning*+\MannPe00,DEN,37,QB,16,16,13-3-0,450,659,68.3,5477,55,8.3,10,1.5,291,78,8.3,9.3,12.2,342.3,115.1,80.9,18,120,7.91,8.87,2.7,2.0,2.0,,,,,,,,,,,,,,,,,,,,,,,,,,,,,,
1,2,Matt Ryan\RyanMa00,ATL,28,QB,16,16,4-12-0,439,651,67.4,4515,26,4.0,17,2.6,228,81,6.9,6.6,10.3,282.2,89.6,65.0,44,298,6.07,5.72,6.3,1.0,1.0,,,,,,,,,,,,,,,,,,,,,,,,,,,,,,
2,3,Drew Brees*\BreeDr00,NOR,34,QB,16,16,11-5-0,446,650,68.6,5162,39,6.0,12,1.8,246,76,7.9,8.3,11.6,322.6,104.7,69.2,37,244,7.16,7.51,5.4,2.0,2.0,1.0,NOR,35.0,QB,16.0,16.0,7-9-0,456.0,659.0,69.2,4952.0,33.0,5.0,17.0,2.6,259.0,69.0,7.5,7.4,10.9,309.5,97.0,74.8,29.0,186.0,6.93,6.77,4.2,2.0,2.0
3,4,Matthew Stafford\StafMa00,DET,25,QB,16,16,7-9-0,371,634,58.5,4650,29,4.6,19,3.0,223,87,7.3,6.9,12.5,290.6,84.2,56.2,23,168,6.82,6.4,3.5,2.0,3.0,,,,,,,,,,,,,,,,,,,,,,,,,,,,,,
4,5,Tom Brady*\BradTo00,NWE,36,QB,16,16,12-4-0,380,628,60.5,4343,25,4.0,11,1.8,226,81,6.9,6.9,11.4,271.4,87.3,62.1,40,256,6.12,6.13,6.0,5.0,5.0,10.0,NWE,37.0,QB,16.0,16.0,12-4-0,373.0,582.0,64.1,4109.0,33.0,5.7,9.0,1.5,221.0,69.0,7.1,7.5,11.0,256.8,97.4,76.2,21.0,134.0,6.59,7.01,3.5,2.0,2.0
5,6,Joe Flacco\FlacJo00,BAL,28,QB,16,16,8-8-0,362,614,59.0,3912,19,3.1,22,3.6,191,74,6.4,5.4,10.8,244.5,73.1,47.8,48,324,5.42,4.5,7.3,2.0,4.0,13.0,BAL,29.0,QB,16.0,16.0,10-6-0,344.0,554.0,62.1,3986.0,27.0,4.9,12.0,2.2,194.0,80.0,7.2,7.2,11.6,249.1,91.0,68.2,19.0,167.0,6.66,6.66,3.3,2.0,2.0
6,7,Ryan Tannehill\TannRy00,MIA,25,QB,16,16,8-8-0,355,588,60.4,3913,24,4.1,17,2.9,204,67,6.7,6.2,11.0,244.6,81.7,49.3,58,399,5.44,5.0,9.0,4.0,3.0,9.0,MIA,26.0,QB,16.0,16.0,8-8-0,392.0,590.0,66.4,4045.0,27.0,4.6,12.0,2.0,225.0,50.0,6.9,6.9,10.3,252.8,92.8,59.3,46.0,337.0,5.83,5.83,7.2,2.0,1.0
7,8,Andy Dalton\DaltAn00,CIN,26,QB,16,16,11-5-0,363,586,61.9,4293,33,5.6,20,3.4,206,82,7.3,6.9,11.8,268.3,88.8,55.1,29,182,6.68,6.29,4.7,0.0,3.0,,,,,,,,,,,,,,,,,,,,,,,,,,,,,,
8,9,Ben Roethlisberger\RoetBe00,PIT,31,QB,16,16,8-8-0,375,584,64.2,4261,28,4.8,14,2.4,211,67,7.3,7.2,11.4,266.3,92.0,58.1,42,282,6.36,6.24,6.7,1.0,3.0,,,,,,,,,,,,,,,,,,,,,,,,,,,,,,
9,10,Carson Palmer\PalmCa00,ARI,34,QB,16,16,10-6-0,362,572,63.3,4274,24,4.2,22,3.8,205,91,7.5,6.6,11.8,267.1,83.9,52.6,41,289,6.5,5.67,6.7,3.0,4.0,33.0,ARI,35.0,qb,6.0,6.0,6-0-0,141.0,224.0,62.9,1626.0,11.0,4.9,3.0,1.3,82.0,80.0,7.3,7.6,11.5,271.0,95.6,63.7,9.0,59.0,6.73,7.09,3.9,2.0,2.0
10,11,Andrew Luck*\LuckAn00,IND,24,QB,16,16,11-5-0,343,570,60.2,3822,23,4.0,9,1.6,189,73,6.7,6.8,11.1,238.9,87.0,63.7,32,227,5.97,6.06,5.3,3.0,3.0,3.0,IND,25.0,QB,16.0,16.0,11-5-0,380.0,616.0,61.7,4761.0,40.0,6.5,16.0,2.6,235.0,80.0,7.7,7.9,12.5,297.6,96.5,62.6,27.0,161.0,7.15,7.28,4.2,1.0,1.0
11,12,Eli Manning\MannEl00,NYG,32,QB,16,16,7-9-0,317,551,57.5,3818,18,3.3,27,4.9,174,70,6.9,5.4,12.0,238.6,69.4,39.3,39,281,5.99,4.55,6.6,1.0,2.0,6.0,NYG,33.0,QB,16.0,16.0,6-10-0,379.0,601.0,63.1,4410.0,30.0,5.0,14.0,2.3,219.0,80.0,7.3,7.3,11.6,275.6,92.1,62.5,28.0,187.0,6.71,6.67,4.5,1.0,1.0
12,13,Philip Rivers*\RivePh00,SDG,32,QB,16,16,9-7-0,378,544,69.5,4478,32,5.9,11,2.0,233,60,8.2,8.5,11.8,279.9,105.5,75.3,30,150,7.54,7.79,5.2,4.0,4.0,,,,,,,,,,,,,,,,,,,,,,,,,,,,,,
13,14,Tony Romo\RomoTo00,DAL,33,QB,15,15,8-7-0,342,535,63.9,3828,31,5.8,10,1.9,198,82,7.2,7.5,11.2,255.2,96.7,62.0,35,272,6.24,6.54,6.1,2.0,4.0,,,,,,,,,,,,,,,,,,,,,,,,,,,,,,
14,15,Alex Smith*\SmitAl03,KAN,29,QB,15,15,11-4-0,308,508,60.6,3313,23,4.5,7,1.4,168,71,6.5,6.8,10.8,220.9,89.1,47.1,39,210,5.67,5.94,7.1,1.0,1.0,,,,,,,,,,,,,,,,,,,,,,,,,,,,,,
15,16,Chad Henne\HennCh01,JAX,28,QB,15,13,4-9-0,305,503,60.6,3241,13,2.6,14,2.8,152,62,6.4,5.7,10.6,216.1,76.5,35.0,38,243,5.54,4.86,7.0,1.0,1.0,45.0,JAX,29.0,qb,3.0,3.0,0-3-0,42.0,78.0,53.8,492.0,3.0,3.8,1.0,1.3,19.0,63.0,6.3,6.5,11.7,164.0,80.7,26.2,16.0,105.0,4.12,4.28,17.0,,
16,17,Cam Newton*\NewtCa00,CAR,24,QB,16,16,12-4-0,292,473,61.7,3379,24,5.1,13,2.7,172,79,7.1,6.9,11.6,211.2,88.8,64.3,43,336,5.9,5.69,8.3,4.0,4.0,,,,,,,,,,,,,,,,,,,,,,,,,,,,,,
17,18,Robert Griffin\GrifRo01,WAS,23,QB,13,13,3-10-0,274,456,60.1,3203,16,3.5,12,2.6,159,62,7.0,6.5,11.7,246.4,82.2,51.8,38,274,5.93,5.48,7.7,1.0,2.0,34.0,WAS,24.0,qb,9.0,7.0,2-5-0,147.0,214.0,68.7,1694.0,4.0,1.9,6.0,2.8,70.0,69.0,7.9,7.0,11.5,188.2,86.9,28.3,33.0,227.0,5.94,5.17,13.4,0.0,1.0
18,19,Geno Smith\SmitGe00,NYJ,23,QB,16,16,8-8-0,247,443,55.8,3046,12,2.7,21,4.7,148,69,6.9,5.3,12.3,190.4,66.5,42.0,43,315,5.62,4.17,8.8,2.0,5.0,25.0,NYJ,24.0,QB,14.0,13.0,3-10-0,219.0,367.0,59.7,2525.0,13.0,3.5,13.0,3.5,119.0,74.0,6.9,6.0,11.5,180.4,77.5,45.9,28.0,175.0,5.95,5.13,7.1,1.0,2.0
19,20,Mike Glennon\GlenMi00,TAM,24,QB,13,13,4-9-0,247,416,59.4,2608,19,4.6,9,2.2,128,85,6.3,6.2,10.6,200.6,83.9,53.1,40,314,5.03,4.98,8.8,2.0,2.0,36.0,TAM,25.0,qb,6.0,5.0,1-4-0,117.0,203.0,57.6,1417.0,10.0,4.9,6.0,3.0,64.0,41.0,7.0,6.6,12.1,236.2,83.3,51.5,16.0,91.0,6.05,5.74,7.3,1.0,1.0
20,21,Colin Kaepernick\KaepCo00,SFO,26,QB,16,16,12-4-0,243,416,58.4,3197,21,5.0,8,1.9,148,64,7.7,7.8,13.2,199.8,91.6,65.7,39,231,6.52,6.65,8.6,2.0,3.0,16.0,SFO,27.0,QB,16.0,16.0,8-8-0,289.0,478.0,60.5,3369.0,19.0,4.0,10.0,2.1,164.0,80.0,7.0,6.9,11.7,210.6,86.4,60.9,52.0,344.0,5.71,5.58,9.8,3.0,2.0
21,22,Russell Wilson*\WilsRu00,SEA,25,QB,16,16,13-3-0,257,407,63.1,3357,26,6.4,9,2.2,157,80,8.2,8.5,13.1,209.8,101.2,66.8,44,272,6.84,7.1,9.8,3.0,4.0,,,,,,,,,,,,,,,,,,,,,,,,,,,,,,
22,23,Matt Schaub\SchaMa00,HOU,32,QB,10,8,2-6-0,219,358,61.2,2310,10,2.8,14,3.9,116,46,6.5,5.3,10.5,231.0,73.0,36.7,21,162,5.67,4.53,5.5,2.0,2.0,62.0,OAK,33.0,,11.0,0.0,,5.0,10.0,50.0,57.0,0.0,0.0,2.0,20.0,4.0,16.0,5.7,-3.3,11.4,5.2,27.9,0.0,3.0,24.0,2.54,-4.38,23.1,,
23,24,Jay Cutler\CutlJa00,CHI,30,QB,11,11,5-6-0,224,355,63.1,2621,19,5.4,12,3.4,125,67,7.4,6.9,11.7,238.3,89.2,70.9,19,132,6.66,6.23,5.1,3.0,3.0,12.0,CHI,31.0,QB,15.0,15.0,5-10-0,370.0,561.0,66.0,3812.0,28.0,5.0,18.0,3.2,181.0,74.0,6.8,6.3,10.3,254.1,88.6,51.8,38.0,223.0,5.99,5.57,6.3,1.0,1.0
24,25,Ryan Fitzpatrick\FitzRy00,TEN,31,QB,11,9,3-6-0,217,350,62.0,2454,14,4.0,12,3.4,119,77,7.0,6.3,11.3,223.1,82.0,57.2,21,109,6.32,5.62,5.7,2.0,2.0,27.0,HOU,32.0,QB,12.0,12.0,6-6-0,197.0,312.0,63.1,2483.0,17.0,5.4,8.0,2.6,120.0,76.0,8.0,7.9,12.6,206.9,95.3,61.1,21.0,83.0,7.21,7.15,6.3,,
25,26,Jason Campbell\CampJa00,CLE,32,QB,9,8,1-7-0,180,317,56.8,2015,11,3.5,8,2.5,86,80,6.4,5.9,11.2,223.9,76.9,41.4,16,104,5.74,5.32,4.8,,,57.0,CIN,33.0,,4.0,0.0,,11.0,19.0,57.9,74.0,0.0,0.0,0.0,0.0,3.0,38.0,3.9,3.9,6.7,18.5,66.6,8.5,1.0,0.0,3.7,3.7,5.0,,
26,27,Nick Foles*\FoleNi00,PHI,24,QB,13,10,8-2-0,203,317,64.0,2891,27,8.5,2,0.6,130,63,9.1,10.5,14.2,222.4,119.2,71.5,28,173,7.88,9.18,8.1,1.0,1.0,,,,,,,,,,,,,,,,,,,,,,,,,,,,,,
27,28,EJ Manuel\ManuEJ00,BUF,23,QB,10,10,4-6-0,180,306,58.8,1972,11,3.6,9,2.9,89,45,6.4,5.8,11.0,197.2,77.7,39.5,28,159,5.43,4.87,8.4,1.0,2.0,40.0,BUF,24.0,qb,5.0,4.0,2-2-0,76.0,131.0,58.0,838.0,5.0,3.8,3.0,2.3,41.0,80.0,6.4,6.1,11.0,167.6,80.3,24.6,6.0,44.0,5.8,5.54,4.4,0.0,1.0
28,29,Aaron Rodgers\RodgAa00,GNB,30,QB,9,9,6-3-0,193,290,66.6,2536,17,5.9,6,2.1,108,83,8.7,9.0,13.1,281.8,104.9,60.6,21,117,7.78,8.0,6.8,1.0,1.0,,,,,,,,,,,,,,,,,,,,,,,,,,,,,,
29,30,Terrelle Pryor\PryoTe00,OAK,24,QB,11,9,3-6-0,156,272,57.4,1798,7,2.6,11,4.0,86,73,6.6,5.3,11.5,163.5,69.1,57.1,31,203,5.26,4.09,10.2,,,,,,,,,,,,,,,,,,,,,,,,,,,,,,,,
30,31,Brandon Weeden\WeedBr00,CLE,30,qb,8,5,0-5-0,141,267,52.8,1731,9,3.4,9,3.4,81,95,6.5,5.6,12.3,216.4,70.3,34.3,27,180,5.28,4.51,9.2,0.0,1.0,52.0,DAL,31.0,qb,5.0,1.0,0-1-0,24.0,41.0,58.5,303.0,3.0,7.3,2.0,4.9,16.0,43.0,7.4,6.7,12.6,60.6,85.7,7.2,1.0,9.0,7.0,6.29,2.4,,
31,32,Sam Bradford\BradSa00,STL,26,qb,7,7,3-4-0,159,262,60.7,1687,14,5.3,4,1.5,86,73,6.4,6.8,10.6,241.0,90.9,58.8,15,97,5.74,6.1,5.4,1.0,1.0,,,,,,,,,,,,,,,,,,,,,,,,,,,,,,
32,33,Matt Cassel\CassMa00,MIN,31,qb,9,6,3-3-0,153,254,60.2,1807,11,4.3,9,3.5,83,79,7.1,6.4,11.8,200.8,81.6,51.6,16,85,6.38,5.69,5.9,2.0,2.0,48.0,MIN,32.0,qb,3.0,3.0,1-2-0,41.0,71.0,57.7,425.0,3.0,4.2,4.0,5.6,21.0,28.0,6.0,4.3,10.4,141.7,65.8,47.4,6.0,39.0,5.01,3.45,7.8,,
33,34,Case Keenum\KeenCa00,HOU,25,QB,8,8,0-8-0,137,253,54.2,1760,9,3.6,6,2.4,76,66,7.0,6.6,12.8,220.0,78.2,48.3,19,201,5.73,5.4,7.0,,,46.0,2TM,26.0,,2.0,2.0,2-0-0,45.0,77.0,58.4,435.0,2.0,2.6,2.0,2.6,0.0,35.0,5.6,5.0,9.7,217.5,72.2,,3.0,15.0,5.25,4.63,3.8,1.0,1.0
34,35,Kellen Clemens\ClemKe00,STL,30,QB,10,9,4-5-0,142,242,58.7,1673,8,3.3,7,2.9,81,81,6.9,6.3,11.8,167.3,78.8,39.4,21,138,5.84,5.25,8.0,,,69.0,SDG,31.0,,2.0,0.0,,1.0,3.0,33.3,10.0,0.0,0.0,0.0,0.0,1.0,10.0,3.3,3.3,10.0,5.0,43.7,1.7,1.0,9.0,0.25,0.25,25.0,,
35,36,Christian Ponder\PondCh00,MIN,25,QB,9,9,2-6-1,152,239,63.6,1648,7,2.9,9,3.8,83,47,6.9,5.8,10.8,183.1,77.9,42.8,27,119,5.75,4.75,10.2,1.0,0.0,51.0,MIN,26.0,qb,2.0,1.0,0-1-0,22.0,44.0,50.0,222.0,0.0,0.0,2.0,4.5,13.0,18.0,5.0,3.0,10.1,111.0,45.8,7.0,6.0,34.0,3.76,1.96,12.0,,
36,37,Josh McCown\McCoJo01,CHI,34,qb,8,5,3-2-0,149,224,66.5,1829,13,5.8,1,0.4,94,80,8.2,9.1,12.3,228.6,109.0,83.4,11,37,7.63,8.54,4.7,1.0,1.0,26.0,TAM,35.0,QB,11.0,11.0,1-10-0,184.0,327.0,56.3,2206.0,11.0,3.4,14.0,4.3,100.0,56.0,6.7,5.5,12.0,200.5,70.5,38.0,36.0,235.0,5.43,4.3,9.9,,
37,38,Matt McGloin\McGlMa01,OAK,24,qb,7,6,1-5-0,118,211,55.9,1547,8,3.8,8,3.8,70,52,7.3,6.4,13.1,221.0,76.1,50.2,6,53,6.88,5.96,2.8,,,58.0,OAK,25.0,,1.0,0.0,,12.0,19.0,63.2,129.0,1.0,5.3,2.0,10.5,6.0,29.0,6.8,3.1,10.8,129.0,61.0,27.8,1.0,8.0,6.05,2.55,5.0,,
38,39,Matt Flynn\FlynMa00,3TM,28,,9,5,2-3-0,124,200,62.0,1392,8,4.0,5,2.5,0,56,7.0,6.6,11.2,154.7,85.7,,24,135,5.61,5.32,10.7,3.0,2.0,60.0,GNB,29.0,,7.0,0.0,,8.0,16.0,50.0,66.0,0.0,0.0,1.0,6.3,3.0,14.0,4.1,1.3,8.3,9.4,34.9,5.3,2.0,12.0,3.0,0.5,11.1,,
39,40,Jake Locker\LockJa00,TEN,25,qb,7,7,4-3-0,111,183,60.7,1256,8,4.4,4,2.2,58,66,6.9,6.8,11.3,179.4,86.7,58.7,16,105,5.78,5.68,8.0,1.0,2.0,39.0,TEN,26.0,qb,7.0,5.0,1-4-0,86.0,146.0,58.9,993.0,5.0,3.4,7.0,4.8,47.0,61.0,6.8,5.3,11.5,141.9,70.9,43.8,14.0,85.0,5.68,4.33,8.8,,
40,41,Thaddeus Lewis\LewiTh01,BUF,28,qb,6,5,2-3-0,93,157,59.2,1092,4,2.5,3,1.9,49,57,7.0,6.6,11.7,182.0,81.0,18.7,18,100,5.67,5.35,10.3,1.0,1.0,,,,,,,,,,,,,,,,,,,,,,,,,,,,,,
41,42,Kirk Cousins\CousKi00,WAS,25,qb,5,3,0-3-0,81,155,52.3,854,4,2.6,7,4.5,42,62,5.5,4.0,10.5,170.8,58.4,41.7,5,32,5.14,3.67,3.1,,,35.0,WAS,26.0,qb,6.0,5.0,1-4-0,126.0,204.0,61.8,1710.0,10.0,4.9,9.0,4.4,75.0,81.0,8.4,7.4,13.6,285.0,86.4,52.0,8.0,70.0,7.74,6.77,3.8,,
42,43,Josh Freeman\FreeJo00,2TM,25,,4,4,0-4-0,63,147,42.9,761,2,1.4,4,2.7,0,39,5.2,4.2,12.1,190.3,52.6,,8,61,4.52,3.61,5.2,,,,,,,,,,,,,,,,,,,,,,,,,,,,,,,,
43,44,Michael Vick\VickMi00,PHI,33,qb,7,6,2-4-0,77,141,54.6,1215,5,3.5,3,2.1,52,70,8.6,8.4,15.8,173.6,86.5,53.5,15,99,7.15,6.93,9.6,,,42.0,NYJ,34.0,qb,10.0,3.0,1-2-0,64.0,121.0,52.9,604.0,3.0,2.5,2.0,1.7,33.0,67.0,5.0,4.7,9.4,60.4,68.3,21.4,19.0,85.0,3.71,3.49,13.6,,
44,45,Brian Hoyer\HoyeBr00,CLE,28,qb,3,3,3-0-0,57,96,59.4,615,5,5.2,3,3.1,33,47,6.4,6.0,10.8,205.0,82.6,52.8,6,48,5.56,5.22,5.9,1.0,1.0,22.0,CLE,29.0,QB,14.0,13.0,7-6-0,242.0,438.0,55.3,3326.0,12.0,2.7,13.0,3.0,163.0,81.0,7.6,6.8,13.7,237.6,76.5,38.4,24.0,160.0,6.85,6.11,5.2,4.0,4.0
45,46,Scott Tolzien\TolzSc00,GNB,26,qb,3,2,0-1-1,55,90,61.1,717,1,1.1,5,5.6,29,52,8.0,5.7,13.0,239.0,66.8,27.6,3,26,7.43,5.23,3.2,,,,,,,,,,,,,,,,,,,,,,,,,,,,,,,,
46,47,Blaine Gabbert\GabbBl00,JAX,24,qb,3,3,0-3-0,42,86,48.8,481,1,1.2,7,8.1,23,67,5.6,2.2,11.5,160.3,36.0,4.0,12,67,4.22,1.21,12.2,,,65.0,SFO,25.0,,1.0,0.0,,3.0,7.0,42.9,38.0,1.0,14.3,0.0,0.0,2.0,20.0,5.4,8.3,12.7,38.0,100.0,88.1,0.0,0.0,5.43,8.29,0.0,,
47,48,Jeff Tuel\TuelJe00,BUF,22,qb,2,1,0-1-0,26,59,44.1,309,1,1.7,3,5.1,15,59,5.2,3.3,11.9,154.5,45.1,12.6,2,11,4.89,3.0,3.3,,,,,,,,,,,,,,,,,,,,,,,,,,,,,,,,
48,49,Kyle Orton\OrtoKy00,DAL,31,qb,3,1,0-1-0,33,51,64.7,398,2,3.9,2,3.9,19,39,7.8,6.8,12.1,132.7,85.3,51.6,0,0,7.8,6.82,0.0,,,21.0,BUF,32.0,QB,12.0,12.0,7-5-0,287.0,447.0,64.2,3018.0,18.0,4.0,10.0,2.2,148.0,84.0,6.8,6.6,10.5,251.5,87.8,43.9,33.0,198.0,5.88,5.69,6.9,2.0,2.0
49,50,Matt Barkley\BarkMa00,PHI,23,,3,0,,30,49,61.2,300,0,0.0,4,8.2,17,26,6.1,2.4,10.0,100.0,44.6,20.5,3,24,5.31,1.85,5.8,,,77.0,PHI,24.0,,1.0,0.0,,0.0,1.0,0.0,0.0,0.0,0.0,0.0,0.0,0.0,0.0,0.0,0.0,,0.0,39.6,0.0,0.0,0.0,0.0,0.0,0.0,,
50,51,Chase Daniel\DaniCh00,KAN,27,qb,5,1,0-1-0,25,38,65.8,248,1,2.6,1,2.6,14,48,6.5,5.9,9.9,49.6,81.9,73.0,2,11,5.93,5.3,5.0,,,54.0,KAN,28.0,qb,3.0,1.0,1-0-0,16.0,28.0,57.1,157.0,0.0,0.0,0.0,0.0,8.0,30.0,5.6,5.6,9.8,52.3,73.1,30.0,4.0,17.0,4.38,4.38,12.5,,
51,52,Matt Simms\SimmMa00,NYJ,25,,3,0,,16,31,51.6,156,1,3.2,1,3.2,8,25,5.0,4.2,9.8,52.0,63.4,6.0,4,23,3.8,3.09,11.4,,,64.0,NYJ,26.0,,1.0,0.0,,3.0,8.0,37.5,39.0,0.0,0.0,0.0,0.0,2.0,21.0,4.9,4.9,13.0,39.0,53.6,40.8,0.0,0.0,4.88,4.88,0.0,,
52,53,Seneca Wallace\WallSe00,GNB,33,qb,2,1,0-1-0,16,24,66.7,139,0,0.0,1,4.2,7,17,5.8,3.9,8.7,69.5,64.4,11.0,4,25,4.07,2.46,14.3,,,,,,,,,,,,,,,,,,,,,,,,,,,,,,,,
53,54,T.J. Yates\YateT.00,HOU,26,,3,0,,15,22,68.2,113,0,0.0,2,9.1,7,20,5.1,1.0,7.5,37.7,42.4,25.0,2,7,4.42,0.67,8.3,,,68.0,ATL,27.0,,1.0,0.0,,3.0,4.0,75.0,64.0,0.0,0.0,1.0,25.0,3.0,40.0,16.0,4.8,21.3,64.0,77.1,82.5,0.0,0.0,16.0,4.75,0.0,,
54,55,Brock Osweiler\OsweBr00,DEN,23,,4,0,,11,16,68.8,95,0,0.0,0,0.0,4,19,5.9,5.9,8.6,23.8,84.1,38.9,2,8,4.83,4.83,11.1,,,61.0,DEN,24.0,,4.0,0.0,,4.0,10.0,40.0,52.0,1.0,10.0,0.0,0.0,2.0,38.0,5.2,7.2,13.0,13.0,90.4,14.8,0.0,0.0,5.2,7.2,0.0,,
55,56,Curtis Painter\PainCu00,NYG,28,,3,0,,8,16,50.0,57,0,0.0,2,12.5,2,9,3.6,-2.1,7.1,19.0,19.0,0.3,1,6,3.0,-2.29,5.9,,,,,,,,,,,,,,,,,,,,,,,,,,,,,,,,
56,57,Tarvaris Jackson\JackTa00,SEA,30,,3,0,,10,13,76.9,151,1,7.7,0,0.0,7,35,11.6,13.2,15.1,50.3,140.2,97.9,0,0,11.62,13.15,0.0,,,88.0,SEA,31.0,,1.0,0.0,,1.0,1.0,100.0,0.0,0.0,0.0,0.0,0.0,0.0,0.0,0.0,0.0,0.0,0.0,79.2,42.4,0.0,0.0,0.0,0.0,0.0,,
57,58,Matt Hasselbeck\HassMa00,IND,38,,3,0,,7,12,58.3,130,0,0.0,1,8.3,6,57,10.8,7.1,18.6,43.3,61.1,27.5,0,0,10.83,7.08,0.0,,,50.0,IND,39.0,,4.0,0.0,,30.0,44.0,68.2,301.0,2.0,4.5,0.0,0.0,17.0,32.0,6.8,7.8,10.0,75.3,102.6,57.9,2.0,7.0,6.39,7.26,4.3,,
58,59,Dominique Davis\DaviDo02,ATL,24,wr,1,0,,5,7,71.4,34,0,0.0,0,0.0,2,14,4.9,4.9,6.8,34.0,81.8,73.7,0,0,4.86,4.86,0.0,,,,,,,,,,,,,,,,,,,,,,,,,,,,,,,,
59,60,Matt Moore\MoorMa01,MIA,29,,1,0,,2,6,33.3,53,0,0.0,2,33.3,1,50,8.8,-6.2,26.5,53.0,27.1,1.6,0,0,8.83,-6.17,0.0,,,67.0,MIA,30.0,,2.0,0.0,,2.0,4.0,50.0,21.0,0.0,0.0,0.0,0.0,2.0,14.0,5.3,5.3,10.5,10.5,65.6,91.8,0.0,0.0,5.25,5.25,0.0,,
60,61,Tyrod Taylor\TaylTy00,BAL,24,,3,0,,1,5,20.0,2,0,0.0,1,20.0,0,2,0.4,-8.6,2.0,0.7,0.0,74.8,0,0,0.4,-8.6,0.0,,,,,,,,,,,,,,,,,,,,,,,,,,,,,,,,
61,62,Josh Cribbs\CribJo01,NYJ,30,,6,0,,2,3,66.7,38,0,0.0,0,0.0,2,25,12.7,12.7,19.0,6.3,109.7,,0,0,12.67,12.67,0.0,,,,,,,,,,,,,,,,,,,,,,,,,,,,,,,,
62,63,Michael Koenen\koenemic01,TAM,31,P,16,0,,0,2,0.0,0,0,0.0,0,0.0,0,0,0.0,0.0,,0.0,39.6,,0,0,0.0,0.0,0.0,,,,,,,,,,,,,,,,,,,,,,,,,,,,,,,,
63,64,Tavon Austin\AustTa00,STL,23,rb/wr,13,3,,0,1,0.0,0,0,0.0,0,0.0,0,0,0.0,0.0,,0.0,39.6,0.5,0,0,0.0,0.0,0.0,,,,,,,,,,,,,,,,,,,,,,,,,,,,,,,,
64,65,Antonio Brown*\BrowAn04,PIT,25,WR,16,14,,1,1,100.0,15,0,0.0,0,0.0,1,15,15.0,15.0,15.0,0.9,118.7,14.4,1,7,4.0,4.0,50.0,,,,,,,,,,,,,,,,,,,,,,,,,,,,,,,,
65,66,Josh Bush\BushJo00,NYJ,24,,16,0,,0,1,0.0,0,0,0.0,0,0.0,0,0,0.0,0.0,,0.0,39.6,,0,0,0.0,0.0,0.0,,,,,,,,,,,,,,,,,,,,,,,,,,,,,,,,
66,67,Larry Fitzgerald*\FitzLa00,ARI,30,WR,16,16,,0,1,0.0,0,0,0.0,0,0.0,0,0,0.0,0.0,,0.0,39.6,6.2,0,0,0.0,0.0,0.0,,,,,,,,,,,,,,,,,,,,,,,,,,,,,,,,
67,68,Johnny Hekker*+\HekkJo00,STL,23,P,16,0,,0,1,0.0,0,0,0.0,0,0.0,0,0,0.0,0.0,,0.0,39.6,,0,0,0.0,0.0,0.0,,,,,,,,,,,,,,,,,,,,,,,,,,,,,,,,
68,69,Mike James\JameMi00,TAM,22,rb,8,3,,1,1,100.0,2,1,100.0,0,0.0,1,2,2.0,22.0,2.0,0.3,118.7,79.7,0,0,2.0,22.0,0.0,,,,,,,,,,,,,,,,,,,,,,,,,,,,,,,,
69,70,Maurice Jones-Drew\DrewMa00,JAX,28,RB,15,15,,1,1,100.0,8,1,100.0,0,0.0,1,8,8.0,28.0,8.0,0.5,139.6,100.0,0,0,8.0,28.0,0.0,,,,,,,,,,,,,,,,,,,,,,,,,,,,,,,,
70,71,Jeremy Kerley\KerlJe00,NYJ,25,WR,12,8,,0,1,0.0,0,0,0.0,0,0.0,0,0,0.0,0.0,,0.0,39.6,0.2,0,0,0.0,0.0,0.0,,,90.0,NYJ,26.0,wr,16.0,7.0,,0.0,1.0,0.0,0.0,0.0,0.0,0.0,0.0,0.0,0.0,0.0,0.0,,0.0,39.6,0.7,0.0,0.0,0.0,0.0,0.0,,
71,72,Spencer Lanning\LannSp00,CLE,25,P,16,0,,1,1,100.0,11,1,100.0,0,0.0,1,11,11.0,31.0,11.0,0.7,152.1,,0,0,11.0,31.0,0.0,,,,,,,,,,,,,,,,,,,,,,,,,,,,,,,,
72,73,Mat McBriar\McBrMa20,PIT,34,P,9,0,,1,1,100.0,30,0,0.0,0,0.0,1,30,30.0,30.0,30.0,3.3,118.7,,0,0,30.0,30.0,0.0,,,,,,,,,,,,,,,,,,,,,,,,,,,,,,,,
73,74,Luke McCown\McCoLu00,NOR,32,,16,0,,0,1,0.0,0,0,0.0,0,0.0,0,0,0.0,0.0,,0.0,39.6,,0,0,0.0,0.0,0.0,,,,,,,,,,,,,,,,,,,,,,,,,,,,,,,,
74,75,Colt McCoy\McCoCo00,SFO,27,,4,0,,1,1,100.0,13,0,0.0,0,0.0,1,13,13.0,13.0,13.0,3.3,118.7,4.6,0,0,13.0,13.0,0.0,,,41.0,WAS,28.0,qb,5.0,4.0,1-3-0,91.0,128.0,71.1,1057.0,4.0,3.1,3.0,2.3,44.0,70.0,8.3,7.8,11.6,211.4,96.4,36.4,17.0,117.0,6.48,6.1,11.7,1.0,2.0
75,76,Darren McFadden\McFaDa00,OAK,26,rb,10,7,,1,1,100.0,16,1,100.0,0,0.0,1,16,16.0,36.0,16.0,1.6,158.3,99.8,0,0,16.0,36.0,0.0,,,94.0,OAK,27.0,RB,16.0,12.0,,0.0,1.0,0.0,0.0,0.0,0.0,0.0,0.0,0.0,0.0,0.0,0.0,,0.0,39.6,62.9,0.0,0.0,0.0,0.0,0.0,,
76,77,Patrick Peterson*+\PetePa00,ARI,23,LCB,16,16,,1,1,100.0,17,0,0.0,0,0.0,1,17,17.0,17.0,17.0,1.1,118.7,63.3,0,0,17.0,17.0,0.0,,,,,,,,,,,,,,,,,,,,,,,,,,,,,,,,
77,78,Bilal Powell\PoweBi00,NYJ,25,RB,16,11,,1,1,100.0,30,0,0.0,0,0.0,1,30,30.0,30.0,30.0,1.9,118.7,17.7,0,0,30.0,30.0,0.0,,,,,,,,,,,,,,,,,,,,,,,,,,,,,,,,
78,79,Bobby Rainey\RainBo00,2TM,26,,15,6,,0,1,0.0,0,0,0.0,0,0.0,0,0,0.0,0.0,,0.0,39.6,,0,0,0.0,0.0,0.0,,,96.0,TAM,27.0,rb,15.0,5.0,,0.0,1.0,0.0,0.0,0.0,0.0,0.0,0.0,0.0,0.0,0.0,0.0,,0.0,39.6,27.5,0.0,0.0,0.0,0.0,0.0,,
79,80,Marcel Reece*\ReecMa00,OAK,28,FB/rb,16,15,,1,1,100.0,22,0,0.0,0,0.0,1,22,22.0,22.0,22.0,1.4,118.7,3.0,0,0,22.0,22.0,0.0,,,,,,,,,,,,,,,,,,,,,,,,,,,,,,,,
80,81,Denard Robinson\RobiDe00,JAX,23,,16,0,,0,1,0.0,0,0,0.0,0,0.0,0,0,0.0,0.0,,0.0,39.6,0.0,0,0,0.0,0.0,0.0,,,97.0,JAX,24.0,RB,13.0,9.0,,0.0,1.0,0.0,0.0,0.0,0.0,0.0,0.0,0.0,0.0,0.0,0.0,,0.0,39.6,3.2,0.0,0.0,0.0,0.0,0.0,,
81,82,Ace Sanders\SandAc00,JAX,22,wr,15,4,,1,1,100.0,21,1,100.0,0,0.0,1,21,21.0,41.0,21.0,1.4,158.3,100.0,0,0,21.0,41.0,0.0,,,,,,,,,,,,,,,,,,,,,,,,,,,,,,,,
82,83,Mohamed Sanu\SanuMo00,CIN,24,WR,16,14,,1,1,100.0,25,0,0.0,0,0.0,1,25,25.0,25.0,25.0,1.6,118.7,92.5,0,0,25.0,25.0,0.0,,,71.0,CIN,25.0,WR,16.0,13.0,,3.0,3.0,100.0,79.0,1.0,33.3,0.0,0.0,3.0,50.0,26.3,33.0,26.3,4.9,158.3,89.4,1.0,6.0,18.25,23.25,25.0,,
83,84,Shann Schillinger\SchiSh99,2TM,27,,6,0,,1,1,100.0,-8,0,0.0,0,0.0,0,0,-8.0,-8.0,-8.0,-1.3,79.2,,0,0,-8.0,-8.0,0.0,,,,,,,,,,,,,,,,,,,,,,,,,,,,,,,,
84,85,Brad Smith\SmitBr01,2TM,30,,8,0,,0,1,0.0,0,0,0.0,0,0.0,0,0,0.0,0.0,,0.0,39.6,,0,0,0.0,0.0,0.0,,,,,,,,,,,,,,,,,,,,,,,,,,,,,,,,
0,1,Drew Brees*\BreeDr00,NOR,35,QB,16,16,7-9-0,456,659,69.2,4952,33,5.0,17,2.6,259,69,7.5,7.4,10.9,309.5,97.0,74.8,29,186,6.93,6.77,4.2,2.0,2.0,,,,,,,,,,,,,,,,,,,,,,,,,,,,,,
1,2,Matt Ryan*\RyanMa00,ATL,29,QB,16,16,6-10-0,415,628,66.1,4694,28,4.5,14,2.2,233,79,7.5,7.4,11.3,293.4,93.9,68.4,31,205,6.81,6.71,4.7,3.0,3.0,,,,,,,,,,,,,,,,,,,,,,,,,,,,,,
2,3,Andrew Luck*\LuckAn00,IND,25,QB,16,16,11-5-0,380,616,61.7,4761,40,6.5,16,2.6,235,80,7.7,7.9,12.5,297.6,96.5,62.6,27,161,7.15,7.28,4.2,1.0,1.0,,,,,,,,,,,,,,,,,,,,,,,,,,,,,,
3,4,Ben Roethlisberger*\RoetBe00,PIT,32,QB,16,16,11-5-0,408,608,67.1,4952,32,5.3,9,1.5,244,94,8.1,8.5,12.1,309.5,103.3,68.7,33,172,7.46,7.82,5.1,2.0,3.0,20.0,PIT,33.0,QB,12.0,11.0,7-4-0,319.0,469.0,68.0,3938.0,21.0,4.5,16.0,3.4,175.0,69.0,8.4,7.8,12.3,328.2,94.5,71.1,20.0,141.0,7.76,7.15,4.1,1.0,1.0
4,5,Matthew Stafford*\StafMa00,DET,26,QB,16,16,11-5-0,363,602,60.3,4257,22,3.7,12,2.0,212,73,7.1,6.9,11.7,266.1,85.7,47.3,45,254,6.19,6.03,7.0,5.0,5.0,,,,,,,,,,,,,,,,,,,,,,,,,,,,,,
5,6,Eli Manning\MannEl00,NYG,33,QB,16,16,6-10-0,379,601,63.1,4410,30,5.0,14,2.3,219,80,7.3,7.3,11.6,275.6,92.1,62.5,28,187,6.71,6.67,4.5,1.0,1.0,,,,,,,,,,,,,,,,,,,,,,,,,,,,,,
6,7,Derek Carr\CarrDe02,OAK,23,QB,16,16,3-13-0,348,599,58.1,3270,21,3.5,12,2.0,163,77,5.5,5.3,9.4,204.4,76.6,40.1,24,149,5.01,4.82,3.9,1.0,1.0,,,,,,,,,,,,,,,,,,,,,,,,,,,,,,
7,8,Peyton Manning*\MannPe00,DEN,38,QB,16,16,12-4-0,395,597,66.2,4727,39,6.5,15,2.5,227,86,7.9,8.1,12.0,295.4,101.5,72.0,17,118,7.51,7.68,2.8,1.0,1.0,,,,,,,,,,,,,,,,,,,,,,,,,,,,,,
8,9,Ryan Tannehill\TannRy00,MIA,26,QB,16,16,8-8-0,392,590,66.4,4045,27,4.6,12,2.0,225,50,6.9,6.9,10.3,252.8,92.8,59.3,46,337,5.83,5.83,7.2,2.0,1.0,8.0,MIA,27.0,QB,16.0,16.0,6-10-0,363.0,586.0,61.9,4208.0,24.0,4.1,12.0,2.0,195.0,54.0,7.2,7.1,11.6,263.0,88.7,46.3,45.0,420.0,6.0,5.91,7.1,2.0,2.0
9,10,Tom Brady*\BradTo00,NWE,37,QB,16,16,12-4-0,373,582,64.1,4109,33,5.7,9,1.5,221,69,7.1,7.5,11.0,256.8,97.4,76.2,21,134,6.59,7.01,3.5,2.0,2.0,3.0,NWE,38.0,QB,16.0,16.0,12-4-0,402.0,624.0,64.4,4770.0,36.0,5.8,7.0,1.1,229.0,76.0,7.6,8.3,11.9,298.1,102.2,68.0,38.0,225.0,6.87,7.48,5.7,2.0,2.0
10,11,Philip Rivers\RivePh00,SDG,33,QB,16,16,9-7-0,379,570,66.5,4286,31,5.4,18,3.2,213,59,7.5,7.2,11.3,267.9,93.8,63.6,36,189,6.76,6.45,5.9,3.0,3.0,1.0,SDG,34.0,QB,16.0,16.0,4-12-0,437.0,661.0,66.1,4792.0,29.0,4.4,13.0,2.0,227.0,80.0,7.2,7.2,11.0,299.5,93.8,55.7,40.0,264.0,6.46,6.45,5.7,1.0,2.0
11,12,Jay Cutler\CutlJa00,CHI,31,QB,15,15,5-10-0,370,561,66.0,3812,28,5.0,18,3.2,181,74,6.8,6.3,10.3,254.1,88.6,51.8,38,223,5.99,5.57,6.3,1.0,1.0,17.0,CHI,32.0,QB,15.0,15.0,6-9-0,311.0,483.0,64.4,3659.0,21.0,4.3,11.0,2.3,173.0,87.0,7.6,7.4,11.8,243.9,92.3,59.9,29.0,150.0,6.85,6.71,5.7,4.0,4.0
12,13,Joe Flacco\FlacJo00,BAL,29,QB,16,16,10-6-0,344,554,62.1,3986,27,4.9,12,2.2,194,80,7.2,7.2,11.6,249.1,91.0,68.2,19,167,6.66,6.66,3.3,2.0,2.0,22.0,BAL,30.0,QB,10.0,10.0,3-7-0,266.0,413.0,64.4,2791.0,14.0,3.4,12.0,2.9,125.0,50.0,6.8,6.1,10.5,279.1,83.1,49.7,16.0,124.0,6.22,5.61,3.7,3.0,3.0
13,14,Aaron Rodgers*+\RodgAa00,GNB,31,QB,16,16,12-4-0,341,520,65.6,4381,38,7.3,5,1.0,221,80,8.4,9.5,12.8,273.8,112.2,78.3,28,174,7.68,8.65,5.1,1.0,1.0,,,,,,,,,,,,,,,,,,,,,,,,,,,,,,
14,15,Andy Dalton*\DaltAn00,CIN,27,QB,16,16,10-5-1,309,481,64.2,3398,19,4.0,17,3.5,160,81,7.1,6.3,11.0,212.4,83.5,48.5,21,124,6.52,5.75,4.2,4.0,3.0,,,,,,,,,,,,,,,,,,,,,,,,,,,,,,
15,16,Colin Kaepernick\KaepCo00,SFO,27,QB,16,16,8-8-0,289,478,60.5,3369,19,4.0,10,2.1,164,80,7.0,6.9,11.7,210.6,86.4,60.9,52,344,5.71,5.58,9.8,3.0,2.0,34.0,SFO,28.0,QB,9.0,8.0,2-6-0,144.0,244.0,59.0,1615.0,6.0,2.5,5.0,2.0,73.0,76.0,6.6,6.2,11.2,179.4,78.5,43.4,28.0,166.0,5.33,4.94,10.3,,
16,17,Blake Bortles\BortBl00,JAX,22,QB,14,13,3-10-0,280,475,58.9,2908,11,2.3,17,3.6,136,63,6.1,5.0,10.4,207.7,69.5,26.7,55,345,4.84,3.81,10.4,1.0,1.0,6.0,JAX,23.0,QB,16.0,16.0,5-11-0,355.0,606.0,58.6,4428.0,35.0,5.8,18.0,3.0,220.0,90.0,7.3,7.1,12.5,276.8,88.2,51.8,51.0,320.0,6.25,6.09,7.8,3.0,4.0
17,18,Alex Smith\SmitAl03,KAN,30,QB,15,15,8-7-0,303,464,65.3,3265,18,3.9,6,1.3,179,70,7.0,7.2,10.8,217.7,93.4,51.7,45,229,5.96,6.14,8.8,3.0,3.0,19.0,KAN,31.0,QB,16.0,16.0,11-5-0,307.0,470.0,65.3,3486.0,20.0,4.3,7.0,1.5,155.0,80.0,7.4,7.6,11.4,217.9,95.4,58.4,45.0,235.0,6.31,6.48,8.7,1.0,1.0
18,19,Russell Wilson\WilsRu00,SEA,26,QB,16,16,12-4-0,285,452,63.1,3475,20,4.4,7,1.5,161,80,7.7,7.9,12.2,217.2,95.0,71.5,42,242,6.54,6.72,8.5,1.0,4.0,,,,,,,,,,,,,,,,,,,,,,,,,,,,,,
19,20,Cam Newton\NewtCa00,CAR,25,QB,14,14,5-8-1,262,448,58.5,3127,18,4.0,12,2.7,156,51,7.0,6.6,11.9,223.4,82.1,57.3,38,300,5.82,5.45,7.8,3.0,2.0,,,,,,,,,,,,,,,,,,,,,,,,,,,,,,
20,21,Kyle Orton\OrtoKy00,BUF,32,QB,12,12,7-5-0,287,447,64.2,3018,18,4.0,10,2.2,148,84,6.8,6.6,10.5,251.5,87.8,43.9,33,198,5.88,5.69,6.9,2.0,2.0,,,,,,,,,,,,,,,,,,,,,,,,,,,,,,
21,22,Brian Hoyer\HoyeBr00,CLE,29,QB,14,13,7-6-0,242,438,55.3,3326,12,2.7,13,3.0,163,81,7.6,6.8,13.7,237.6,76.5,38.4,24,160,6.85,6.11,5.2,4.0,4.0,26.0,HOU,30.0,QB,11.0,9.0,5-4-0,224.0,369.0,60.7,2606.0,19.0,5.1,7.0,1.9,130.0,49.0,7.1,7.2,11.6,236.9,91.4,56.1,25.0,185.0,6.14,6.31,6.3,1.0,1.0
22,23,Tony Romo*\RomoTo00,DAL,34,QB,15,15,12-3-0,304,435,69.9,3705,34,7.8,9,2.1,191,68,8.5,9.1,12.2,247.0,113.2,79.7,29,215,7.52,8.11,6.3,3.0,4.0,,,,,,,,,,,,,,,,,,,,,,,,,,,,,,
23,24,Teddy Bridgewater\BridTe00,MIN,22,QB,13,12,6-6-0,259,402,64.4,2919,14,3.5,12,3.0,137,87,7.3,6.6,11.3,224.5,85.2,54.4,39,249,6.05,5.46,8.8,3.0,3.0,,,,,,,,,,,,,,,,,,,,,,,,,,,,,,
24,25,Geno Smith\SmitGe00,NYJ,24,QB,14,13,3-10-0,219,367,59.7,2525,13,3.5,13,3.5,119,74,6.9,6.0,11.5,180.4,77.5,45.9,28,175,5.95,5.13,7.1,1.0,2.0,52.0,NYJ,25.0,,1.0,0.0,,27.0,42.0,64.3,265.0,2.0,4.8,1.0,2.4,14.0,28.0,6.3,6.2,9.8,265.0,87.9,53.1,3.0,19.0,5.47,5.36,6.7,,
25,26,Josh McCown\McCoJo01,TAM,35,QB,11,11,1-10-0,184,327,56.3,2206,11,3.4,14,4.3,100,56,6.7,5.5,12.0,200.5,70.5,38.0,36,235,5.43,4.3,9.9,,,30.0,CLE,36.0,QB,8.0,8.0,1-7-0,186.0,292.0,63.7,2109.0,12.0,4.1,4.0,1.4,96.0,56.0,7.2,7.4,11.3,263.6,93.3,50.3,23.0,137.0,6.26,6.45,7.3,1.0,1.0
26,27,Ryan Fitzpatrick\FitzRy00,HOU,32,QB,12,12,6-6-0,197,312,63.1,2483,17,5.4,8,2.6,120,76,8.0,7.9,12.6,206.9,95.3,61.1,21,83,7.21,7.15,6.3,,,11.0,NYJ,33.0,QB,16.0,16.0,10-6-0,335.0,562.0,59.6,3905.0,31.0,5.5,15.0,2.7,197.0,69.0,6.9,6.9,11.7,244.1,88.0,63.5,19.0,94.0,6.56,6.46,3.3,2.0,3.0
27,28,Nick Foles\FoleNi00,PHI,25,QB,8,8,6-2-0,186,311,59.8,2163,13,4.2,10,3.2,101,68,7.0,6.3,11.6,270.4,81.4,64.1,9,74,6.53,5.93,2.8,2.0,3.0,27.0,STL,26.0,QB,11.0,11.0,4-7-0,190.0,337.0,56.4,2052.0,7.0,2.1,10.0,3.0,85.0,68.0,6.1,5.2,10.8,186.5,69.0,28.1,14.0,98.0,5.57,4.68,4.0,1.0,1.0
28,29,Mark Sanchez\SancMa00,PHI,28,QB,9,8,4-4-0,198,309,64.1,2418,14,4.5,11,3.6,119,72,7.8,7.1,12.2,268.7,88.4,57.5,23,151,6.83,6.18,6.9,,,46.0,PHI,29.0,qb,4.0,2.0,0-2-0,59.0,91.0,64.8,616.0,4.0,4.4,4.0,4.4,30.0,43.0,6.8,5.7,10.4,154.0,80.7,34.4,9.0,54.0,5.62,4.62,9.0,,
29,30,Austin Davis\DaviAu00,STL,25,QB,10,8,3-5-0,180,284,63.4,2001,12,4.2,9,3.2,106,59,7.0,6.5,11.1,200.1,85.1,44.2,29,179,5.82,5.29,9.3,1.0,2.0,45.0,CLE,26.0,qb,3.0,2.0,0-2-0,56.0,94.0,59.6,547.0,1.0,1.1,3.0,3.2,25.0,42.0,5.8,4.6,9.8,182.3,66.2,32.1,11.0,96.0,4.3,3.2,10.5,,
30,31,Drew Stanton\StanDr00,ARI,30,QB,9,8,5-3-0,132,240,55.0,1711,7,2.9,5,2.1,77,49,7.1,6.8,13.0,190.1,78.7,51.7,11,66,6.55,6.22,4.4,1.0,1.0,58.0,ARI,31.0,,7.0,0.0,,11.0,25.0,44.0,104.0,0.0,0.0,2.0,8.0,6.0,21.0,4.2,0.6,9.5,14.9,22.7,10.3,2.0,8.0,3.56,0.22,7.4,,
31,32,Shaun Hill\HillSh00,STL,34,QB,9,8,3-5-0,145,229,63.3,1657,8,3.5,7,3.1,82,63,7.2,6.6,11.4,184.1,83.9,45.2,18,116,6.24,5.61,7.3,,,62.0,MIN,35.0,,3.0,0.0,,2.0,7.0,28.6,15.0,0.0,0.0,0.0,0.0,0.0,9.0,2.1,2.1,7.5,5.0,39.6,2.1,1.0,11.0,0.5,0.5,12.5,0.0,1.0
32,33,Carson Palmer\PalmCa00,ARI,35,qb,6,6,6-0-0,141,224,62.9,1626,11,4.9,3,1.3,82,80,7.3,7.6,11.5,271.0,95.6,63.7,9,59,6.73,7.09,3.9,2.0,2.0,,,,,,,,,,,,,,,,,,,,,,,,,,,,,,
33,34,Robert Griffin\GrifRo01,WAS,24,qb,9,7,2-5-0,147,214,68.7,1694,4,1.9,6,2.8,70,69,7.9,7.0,11.5,188.2,86.9,28.3,33,227,5.94,5.17,13.4,0.0,1.0,,,,,,,,,,,,,,,,,,,,,,,,,,,,,,
34,35,Kirk Cousins\CousKi00,WAS,26,qb,6,5,1-4-0,126,204,61.8,1710,10,4.9,9,4.4,75,81,8.4,7.4,13.6,285.0,86.4,52.0,8,70,7.74,6.77,3.8,,,12.0,WAS,27.0,QB,16.0,16.0,9-7-0,379.0,543.0,69.8,4166.0,29.0,5.3,11.0,2.0,205.0,78.0,7.7,7.8,11.0,260.4,101.6,71.7,26.0,186.0,6.99,7.14,4.6,2.0,3.0
35,36,Mike Glennon\GlenMi00,TAM,25,qb,6,5,1-4-0,117,203,57.6,1417,10,4.9,6,3.0,64,41,7.0,6.6,12.1,236.2,83.3,51.5,16,91,6.05,5.74,7.3,1.0,1.0,,,,,,,,,,,,,,,,,,,,,,,,,,,,,,
36,37,Charlie Whitehurst\WhitCh02,TEN,32,qb,7,5,1-4-0,105,185,56.8,1326,7,3.8,2,1.1,55,75,7.2,7.4,12.6,189.4,87.4,41.7,18,103,6.02,6.27,8.9,,,56.0,2TM,33.0,,5.0,0.0,,16.0,32.0,50.0,150.0,0.0,0.0,1.0,3.1,0.0,33.0,4.7,3.3,9.4,30.0,50.3,,5.0,28.0,3.3,2.08,13.5,,
37,38,Zach Mettenberger\MettZa00,TEN,23,qb,7,6,0-6-0,107,179,59.8,1412,8,4.5,7,3.9,56,80,7.9,7.0,13.2,201.7,83.4,30.8,18,138,6.47,5.68,9.1,,,38.0,TEN,24.0,qb,7.0,4.0,0-4-0,101.0,166.0,60.8,935.0,4.0,2.4,7.0,4.2,46.0,57.0,5.6,4.2,9.3,133.6,66.7,18.4,13.0,98.0,4.68,3.36,7.3,,
38,39,Jake Locker\LockJa00,TEN,26,qb,7,5,1-4-0,86,146,58.9,993,5,3.4,7,4.8,47,61,6.8,5.3,11.5,141.9,70.9,43.8,14,85,5.68,4.33,8.8,,,,,,,,,,,,,,,,,,,,,,,,,,,,,,,,
39,40,EJ Manuel\ManuEJ00,BUF,24,qb,5,4,2-2-0,76,131,58.0,838,5,3.8,3,2.3,41,80,6.4,6.1,11.0,167.6,80.3,24.6,6,44,5.8,5.54,4.4,0.0,1.0,47.0,BUF,25.0,qb,7.0,2.0,0-2-0,52.0,84.0,61.9,561.0,3.0,3.6,3.0,3.6,26.0,58.0,6.7,5.8,10.8,80.1,78.5,38.1,6.0,45.0,5.73,4.9,6.7,0.0,0.0
40,41,Colt McCoy\McCoCo00,WAS,28,qb,5,4,1-3-0,91,128,71.1,1057,4,3.1,3,2.3,44,70,8.3,7.8,11.6,211.4,96.4,36.4,17,117,6.48,6.1,11.7,1.0,2.0,60.0,WAS,29.0,,1.0,0.0,,7.0,11.0,63.6,128.0,1.0,9.1,0.0,0.0,4.0,71.0,11.6,13.5,18.3,128.0,133.9,42.6,1.0,13.0,9.58,11.25,8.3,,
41,42,Michael Vick\VickMi00,NYJ,34,qb,10,3,1-2-0,64,121,52.9,604,3,2.5,2,1.7,33,67,5.0,4.7,9.4,60.4,68.3,21.4,19,85,3.71,3.49,13.6,,,49.0,PIT,35.0,qb,5.0,3.0,2-1-0,40.0,66.0,60.6,371.0,2.0,3.0,1.0,1.5,14.0,72.0,5.6,5.5,9.3,74.2,79.8,31.8,10.0,53.0,4.18,4.12,13.2,1.0,1.0
42,43,Derek Anderson\AndeDe00,CAR,31,qb,6,2,2-0-0,65,97,67.0,701,5,5.2,0,0.0,44,35,7.2,8.3,10.8,116.8,105.2,76.6,4,17,6.77,7.76,4.0,,,65.0,CAR,32.0,,3.0,0.0,,4.0,6.0,66.7,36.0,0.0,0.0,0.0,0.0,2.0,24.0,6.0,6.0,9.0,12.0,82.6,8.3,0.0,0.0,6.0,6.0,0.0,,
43,44,Ryan Lindley\LindRy00,2TM,25,,3,2,0-2-0,45,93,48.4,562,2,2.2,4,4.3,0,41,6.0,4.5,12.5,187.3,56.8,,6,46,5.21,3.8,6.1,0.0,0.0,61.0,IND,26.0,,1.0,0.0,,6.0,10.0,60.0,58.0,1.0,10.0,0.0,0.0,4.0,18.0,5.8,7.8,9.7,58.0,109.6,95.5,0.0,0.0,5.8,7.8,0.0,,
44,45,Chad Henne\HennCh01,JAX,29,qb,3,3,0-3-0,42,78,53.8,492,3,3.8,1,1.3,19,63,6.3,6.5,11.7,164.0,80.7,26.2,16,105,4.12,4.28,17.0,,,,,,,,,,,,,,,,,,,,,,,,,,,,,,,,
45,46,Case Keenum\KeenCa00,2TM,26,,2,2,2-0-0,45,77,58.4,435,2,2.6,2,2.6,0,35,5.6,5.0,9.7,217.5,72.2,,3,15,5.25,4.63,3.8,1.0,1.0,41.0,STL,27.0,qb,6.0,5.0,3-2-0,76.0,125.0,60.8,828.0,4.0,3.2,1.0,0.8,42.0,60.0,6.6,6.9,10.9,138.0,87.7,39.4,4.0,28.0,6.2,6.47,3.1,,
46,47,Ryan Mallett\MallRy00,HOU,26,qb,3,2,1-1-0,41,75,54.7,400,2,2.7,2,2.7,23,41,5.3,4.7,9.8,133.3,67.6,47.3,1,5,5.2,4.54,1.3,,,35.0,2TM,27.0,,8.0,6.0,2-4-0,136.0,244.0,55.7,1336.0,5.0,2.0,6.0,2.5,0.0,48.0,5.5,4.8,9.8,167.0,67.9,,6.0,32.0,5.22,4.54,2.4,,
47,48,Matt Cassel\CassMa00,MIN,32,qb,3,3,1-2-0,41,71,57.7,425,3,4.2,4,5.6,21,28,6.0,4.3,10.4,141.7,65.8,47.4,6,39,5.01,3.45,7.8,,,37.0,2TM,33.0,,10.0,8.0,2-6-0,119.0,204.0,58.3,1276.0,5.0,2.5,7.0,3.4,0.0,51.0,6.3,5.2,10.7,127.6,70.6,,14.0,86.0,5.46,4.47,6.4,1.0,1.0
48,49,Jimmy Clausen\ClauJi00,CHI,27,qb,4,1,0-1-0,26,48,54.2,223,2,4.2,1,2.1,13,22,4.6,4.5,8.6,55.8,71.8,44.1,3,20,3.98,3.88,5.9,,,40.0,2TM,28.0,,5.0,3.0,0-3-0,72.0,125.0,57.6,739.0,2.0,1.6,4.0,3.2,0.0,48.0,5.9,4.8,10.3,147.8,66.7,,7.0,38.0,5.31,4.25,5.3,,
49,50,Matt Hasselbeck\HassMa00,IND,39,,4,0,,30,44,68.2,301,2,4.5,0,0.0,17,32,6.8,7.8,10.0,75.3,102.6,57.9,2,7,6.39,7.26,4.3,,,33.0,IND,40.0,QB,8.0,8.0,5-3-0,156.0,256.0,60.9,1690.0,9.0,3.5,5.0,2.0,87.0,57.0,6.6,6.4,10.8,211.3,84.0,48.0,16.0,101.0,5.84,5.68,5.9,1.0,2.0
50,51,Christian Ponder\PondCh00,MIN,26,qb,2,1,0-1-0,22,44,50.0,222,0,0.0,2,4.5,13,18,5.0,3.0,10.1,111.0,45.8,7.0,6,34,3.76,1.96,12.0,,,,,,,,,,,,,,,,,,,,,,,,,,,,,,,,
51,52,Brandon Weeden\WeedBr00,DAL,31,qb,5,1,0-1-0,24,41,58.5,303,3,7.3,2,4.9,16,43,7.4,6.7,12.6,60.6,85.7,7.2,1,9,7.0,6.29,2.4,,,39.0,2TM,32.0,,6.0,4.0,1-3-0,97.0,140.0,69.3,1043.0,5.0,3.6,2.0,1.4,0.0,67.0,7.5,7.5,10.8,173.8,96.8,,10.0,77.0,6.44,6.51,6.7,1.0,1.0
52,53,Johnny Manziel\ManzJo00,CLE,22,qb,5,2,0-2-0,18,35,51.4,175,0,0.0,2,5.7,6,32,5.0,2.4,9.7,35.0,42.0,7.3,3,26,3.92,1.55,7.9,,,36.0,CLE,23.0,qb,10.0,6.0,2-4-0,129.0,223.0,57.8,1500.0,7.0,3.1,5.0,2.2,72.0,61.0,6.7,6.3,11.6,150.0,79.4,54.1,19.0,141.0,5.62,5.26,7.9,,
53,54,Chase Daniel\DaniCh00,KAN,28,qb,3,1,1-0-0,16,28,57.1,157,0,0.0,0,0.0,8,30,5.6,5.6,9.8,52.3,73.1,30.0,4,17,4.38,4.38,12.5,,,71.0,KAN,29.0,,2.0,0.0,,2.0,2.0,100.0,4.0,0.0,0.0,0.0,0.0,1.0,6.0,2.0,2.0,2.0,2.0,79.2,93.9,0.0,0.0,2.0,2.0,0.0,,
54,55,Connor Shaw\ShawCo00,CLE,23,qb,1,1,0-1-0,14,28,50.0,177,0,0.0,1,3.6,10,49,6.3,4.7,12.6,177.0,55.2,20.0,4,27,4.69,3.28,12.5,,,,,,,,,,,,,,,,,,,,,,,,,,,,,,,,
55,56,Jimmy Garoppolo\GaroJi00,NWE,23,,6,0,,19,27,70.4,182,1,3.7,0,0.0,8,37,6.7,7.5,9.6,30.3,101.2,15.1,5,36,4.56,5.19,15.6,,,69.0,NWE,24.0,,5.0,0.0,,1.0,4.0,25.0,6.0,0.0,0.0,0.0,0.0,0.0,6.0,1.5,1.5,6.0,1.2,39.6,8.0,0.0,0.0,1.5,1.5,0.0,,
56,57,Jason Campbell\CampJa00,CIN,33,,4,0,,11,19,57.9,74,0,0.0,0,0.0,3,38,3.9,3.9,6.7,18.5,66.6,8.5,1,0,3.7,3.7,5.0,,,,,,,,,,,,,,,,,,,,,,,,,,,,,,,,
57,58,Matt McGloin\McGlMa01,OAK,25,,1,0,,12,19,63.2,129,1,5.3,2,10.5,6,29,6.8,3.1,10.8,129.0,61.0,27.8,1,8,6.05,2.55,5.0,,,55.0,OAK,26.0,,2.0,0.0,,23.0,32.0,71.9,142.0,2.0,6.3,1.0,3.1,10.0,14.0,4.4,4.3,6.2,71.0,88.3,34.5,2.0,20.0,3.59,3.44,5.9,,
58,59,Tom Savage\SavaTo00,HOU,24,,2,0,,10,19,52.6,127,0,0.0,1,5.3,6,35,6.7,4.3,12.7,63.5,51.9,18.4,1,5,6.1,3.85,5.0,,,,,,,,,,,,,,,,,,,,,,,,,,,,,,,,
59,60,Matt Flynn\FlynMa00,GNB,29,,7,0,,8,16,50.0,66,0,0.0,1,6.3,3,14,4.1,1.3,8.3,9.4,34.9,5.3,2,12,3.0,0.5,11.1,,,,,,,,,,,,,,,,,,,,,,,,,,,,,,,,
60,61,Brock Osweiler\OsweBr00,DEN,24,,4,0,,4,10,40.0,52,1,10.0,0,0.0,2,38,5.2,7.2,13.0,13.0,90.4,14.8,0,0,5.2,7.2,0.0,,,32.0,DEN,25.0,qb,8.0,7.0,5-2-0,170.0,275.0,61.8,1967.0,10.0,3.6,6.0,2.2,92.0,72.0,7.2,6.9,11.6,245.9,86.4,53.0,23.0,151.0,6.09,5.86,7.7,2.0,2.0
61,62,Matt Schaub\SchaMa00,OAK,33,,11,0,,5,10,50.0,57,0,0.0,2,20.0,4,16,5.7,-3.3,11.4,5.2,27.9,0.0,3,24,2.54,-4.38,23.1,,,48.0,BAL,34.0,qb,2.0,2.0,1-1-0,52.0,80.0,65.0,540.0,3.0,3.8,4.0,5.0,28.0,48.0,6.8,5.3,10.4,270.0,76.0,42.1,3.0,27.0,6.18,4.73,3.6,0.0,0.0
62,63,Logan Thomas\ThomLo00,ARI,23,,2,0,,1,9,11.1,81,1,11.1,0,0.0,1,81,9.0,11.2,81.0,40.5,101.6,6.8,2,11,6.36,8.18,18.2,,,,,,,,,,,,,,,,,,,,,,,,,,,,,,,,
63,64,Matt Simms\SimmMa00,NYJ,26,,1,0,,3,8,37.5,39,0,0.0,0,0.0,2,21,4.9,4.9,13.0,39.0,53.6,40.8,0,0,4.88,4.88,0.0,,,,,,,,,,,,,,,,,,,,,,,,,,,,,,,,
64,65,Blaine Gabbert\GabbBl00,SFO,25,,1,0,,3,7,42.9,38,1,14.3,0,0.0,2,20,5.4,8.3,12.7,38.0,100.0,88.1,0,0,5.43,8.29,0.0,,,31.0,SFO,26.0,QB,8.0,8.0,3-5-0,178.0,282.0,63.1,2031.0,10.0,3.5,7.0,2.5,85.0,71.0,7.2,6.8,11.4,253.9,86.2,37.8,25.0,164.0,6.08,5.71,8.1,2.0,2.0
65,66,Ryan Nassib\NassRy00,NYG,24,,4,0,,4,5,80.0,60,0,0.0,0,0.0,2,29,12.0,12.0,15.0,15.0,116.7,13.2,2,11,7.0,7.0,28.6,,,68.0,NYG,25.0,,1.0,0.0,,5.0,5.0,100.0,68.0,1.0,20.0,0.0,0.0,4.0,25.0,13.6,17.6,13.6,68.0,158.3,99.6,0.0,0.0,13.6,17.6,0.0,,
66,67,Matt Moore\MoorMa01,MIA,30,,2,0,,2,4,50.0,21,0,0.0,0,0.0,2,14,5.3,5.3,10.5,10.5,65.6,91.8,0,0,5.25,5.25,0.0,,,82.0,MIA,31.0,,1.0,0.0,,1.0,1.0,100.0,14.0,0.0,0.0,0.0,0.0,1.0,14.0,14.0,14.0,14.0,14.0,118.7,98.3,0.0,0.0,14.0,14.0,0.0,,
67,68,T.J. Yates\YateT.00,ATL,27,,1,0,,3,4,75.0,64,0,0.0,1,25.0,3,40,16.0,4.8,21.3,64.0,77.1,82.5,0,0,16.0,4.75,0.0,,,50.0,HOU,28.0,qb,4.0,2.0,2-0-0,28.0,57.0,49.1,370.0,3.0,5.3,1.0,1.8,19.0,61.0,6.5,6.8,13.2,92.5,80.3,46.5,5.0,33.0,5.44,5.68,8.1,1.0,1.0
68,69,Kellen Clemens\ClemKe00,SDG,31,,2,0,,1,3,33.3,10,0,0.0,0,0.0,1,10,3.3,3.3,10.0,5.0,43.7,1.7,1,9,0.25,0.25,25.0,,,66.0,SDG,32.0,,2.0,0.0,,5.0,6.0,83.3,63.0,1.0,16.7,0.0,0.0,4.0,19.0,10.5,13.8,12.6,31.5,150.0,100.0,0.0,0.0,10.5,13.83,0.0,,
69,70,Jordan Palmer\PalmJo20,TEN,30,,1,0,,1,3,33.3,7,0,0.0,0,0.0,0,7,2.3,2.3,7.0,7.0,42.4,2.5,0,0,2.33,2.33,0.0,,,,,,,,,,,,,,,,,,,,,,,,,,,,,,,,
70,71,Mohamed Sanu\SanuMo00,CIN,25,WR,16,13,,3,3,100.0,79,1,33.3,0,0.0,3,50,26.3,33.0,26.3,4.9,158.3,89.4,1,6,18.25,23.25,25.0,,,,,,,,,,,,,,,,,,,,,,,,,,,,,,,,
71,72,Antonio Brown*+\BrowAn04,PIT,26,WR,16,16,,2,2,100.0,20,1,50.0,0,0.0,2,17,10.0,20.0,10.0,1.3,147.9,100.0,0,0,10.0,20.0,0.0,,,,,,,,,,,,,,,,,,,,,,,,,,,,,,,,
72,73,Johnny Hekker\HekkJo00,STL,24,P,16,0,,2,2,100.0,37,0,0.0,0,0.0,2,19,18.5,18.5,18.5,2.3,118.7,,0,0,18.5,18.5,0.0,,,,,,,,,,,,,,,,,,,,,,,,,,,,,,,,
73,74,Sam Martin\MartSa01,DET,24,P,16,0,,2,2,100.0,27,0,0.0,0,0.0,1,24,13.5,13.5,13.5,1.7,118.7,,0,0,13.5,13.5,0.0,,,,,,,,,,,,,,,,,,,,,,,,,,,,,,,,
74,75,Cecil Shorts\ShorCe00,JAX,27,WR,13,12,,2,2,100.0,32,1,50.0,0,0.0,2,23,16.0,26.0,16.0,2.5,158.3,100.0,0,0,16.0,26.0,0.0,,,84.0,HOU,28.0,wr,11.0,4.0,,1.0,1.0,100.0,21.0,1.0,100.0,0.0,0.0,0.0,21.0,21.0,41.0,21.0,1.9,158.3,77.6,0.0,0.0,21.0,41.0,0.0,,
75,76,Bryan Anger\AngeBr00,JAX,26,P,16,0,,1,1,100.0,19,0,0.0,0,0.0,1,19,19.0,19.0,19.0,1.2,118.7,,0,0,19.0,19.0,0.0,,,,,,,,,,,,,,,,,,,,,,,,,,,,,,,,
76,77,Matt Barkley\BarkMa00,PHI,24,,1,0,,0,1,0.0,0,0,0.0,0,0.0,0,0,0.0,0.0,,0.0,39.6,0.0,0,0,0.0,0.0,0.0,,,,,,,,,,,,,,,,,,,,,,,,,,,,,,,,
77,78,Odell Beckham*\BeckOd00,NYG,22,WR,12,11,,0,1,0.0,0,0,0.0,0,0.0,0,0,0.0,0.0,,0.0,39.6,1.4,0,0,0.0,0.0,0.0,,,,,,,,,,,,,,,,,,,,,,,,,,,,,,,,
78,79,Anquan Boldin\BoldAn00,SFO,34,WR,16,16,,0,1,0.0,0,0,0.0,0,0.0,0,0,0.0,0.0,,0.0,39.6,2.1,0,0,0.0,0.0,0.0,,,,,,,,,,,,,,,,,,,,,,,,,,,,,,,,
79,80,Dustin Colquitt\ColqDu20,KAN,32,P,16,0,,1,1,100.0,6,0,0.0,0,0.0,1,6,6.0,6.0,6.0,0.4,91.7,,0,0,6.0,6.0,0.0,,,,,,,,,,,,,,,,,,,,,,,,,,,,,,,,
80,81,Arian Foster*\FostAr00,HOU,28,RB,13,13,,1,1,100.0,5,1,100.0,0,0.0,1,5,5.0,25.0,5.0,0.4,127.1,100.0,0,0,5.0,25.0,0.0,,,,,,,,,,,,,,,,,,,,,,,,,,,,,,,,
81,82,Pierre Garcon\GarcPi00,WAS,28,WR,16,14,,0,1,0.0,0,0,0.0,0,0.0,0,0,0.0,0.0,,0.0,39.6,1.4,0,0,0.0,0.0,0.0,,,,,,,,,,,,,,,,,,,,,,,,,,,,,,,,
82,83,Ted Ginn\GinnTe00,ARI,29,,16,0,,1,1,100.0,10,0,0.0,0,0.0,1,10,10.0,10.0,10.0,0.6,108.3,100.0,0,0,10.0,10.0,0.0,,,,,,,,,,,,,,,,,,,,,,,,,,,,,,,,
83,84,Robert Golden\GoldRo00,PIT,24,,16,0,,1,1,100.0,25,0,0.0,0,0.0,1,25,25.0,25.0,25.0,1.6,118.7,,0,0,25.0,25.0,0.0,,,,,,,,,,,,,,,,,,,,,,,,,,,,,,,,
84,85,Josh Gordon\GordJo02,CLE,23,wr,5,5,,0,1,0.0,0,0,0.0,0,0.0,0,0,0.0,0.0,,0.0,39.6,100.0,0,0,0.0,0.0,0.0,,,,,,,,,,,,,,,,,,,,,,,,,,,,,,,,
85,86,Marion Grice\GricMa00,ARI,23,,10,0,,0,1,0.0,0,0,0.0,0,0.0,0,0,0.0,0.0,,0.0,39.6,6.1,0,0,0.0,0.0,0.0,,,,,,,,,,,,,,,,,,,,,,,,,,,,,,,,
86,87,Fred Jackson\JackFr02,BUF,33,RB,14,9,,0,1,0.0,0,0,0.0,0,0.0,0,0,0.0,0.0,,0.0,39.6,3.1,0,0,0.0,0.0,0.0,,,,,,,,,,,,,,,,,,,,,,,,,,,,,,,,
87,88,Tarvaris Jackson\JackTa00,SEA,31,,1,0,,1,1,100.0,0,0,0.0,0,0.0,0,0,0.0,0.0,0.0,0.0,79.2,42.4,0,0,0.0,0.0,0.0,,,67.0,SEA,32.0,,4.0,0.0,,4.0,6.0,66.7,37.0,0.0,0.0,0.0,0.0,3.0,17.0,6.2,6.2,9.3,9.3,83.3,67.7,1.0,6.0,4.43,4.43,14.3,,
88,89,Jermaine Kearse\KearJe01,SEA,24,WR,15,14,,1,1,100.0,17,0,0.0,0,0.0,1,17,17.0,17.0,17.0,1.1,118.7,99.9,0,0,17.0,17.0,0.0,,,,,,,,,,,,,,,,,,,,,,,,,,,,,,,,
89,90,Jeremy Kerley\KerlJe00,NYJ,26,wr,16,7,,0,1,0.0,0,0,0.0,0,0.0,0,0,0.0,0.0,,0.0,39.6,0.7,0,0,0.0,0.0,0.0,,,,,,,,,,,,,,,,,,,,,,,,,,,,,,,,
90,91,Shane Lechler\LechSh20,HOU,38,P,16,0,,1,1,100.0,10,0,0.0,0,0.0,1,10,10.0,10.0,10.0,0.6,108.3,,0,0,10.0,10.0,0.0,,,,,,,,,,,,,,,,,,,,,,,,,,,,,,,,
91,92,Andy Lee\LeexAn20,SFO,32,P,16,0,,0,1,0.0,0,0,0.0,0,0.0,0,0,0.0,0.0,,0.0,39.6,0.0,0,0,0.0,0.0,0.0,,,,,,,,,,,,,,,,,,,,,,,,,,,,,,,,
92,93,Pat McAfee*+\McAfPa44,IND,27,P,16,0,,0,1,0.0,0,0,0.0,0,0.0,0,0,0.0,0.0,,0.0,39.6,,0,0,0.0,0.0,0.0,,,,,,,,,,,,,,,,,,,,,,,,,,,,,,,,
93,94,Darren McFadden\McFaDa00,OAK,27,RB,16,12,,0,1,0.0,0,0,0.0,0,0.0,0,0,0.0,0.0,,0.0,39.6,62.9,0,0,0.0,0.0,0.0,,,81.0,DAL,28.0,RB,16.0,10.0,,0.0,1.0,0.0,0.0,0.0,0.0,0.0,0.0,0.0,0.0,0.0,0.0,,0.0,39.6,25.7,0.0,0.0,0.0,0.0,0.0,,
94,95,Ryan Quigley\QuigRy00,NYJ,24,P,16,0,,1,1,100.0,38,0,0.0,0,0.0,1,38,38.0,38.0,38.0,2.4,118.7,,0,0,38.0,38.0,0.0,,,,,,,,,,,,,,,,,,,,,,,,,,,,,,,,
95,96,Bobby Rainey\RainBo00,TAM,27,rb,15,5,,0,1,0.0,0,0,0.0,0,0.0,0,0,0.0,0.0,,0.0,39.6,27.5,0,0,0.0,0.0,0.0,,,,,,,,,,,,,,,,,,,,,,,,,,,,,,,,
96,97,Denard Robinson\RobiDe00,JAX,24,RB,13,9,,0,1,0.0,0,0,0.0,0,0.0,0,0,0.0,0.0,,0.0,39.6,3.2,0,0,0.0,0.0,0.0,,,,,,,,,,,,,,,,,,,,,,,,,,,,,,,,
97,98,Mike Wallace\WallMi00,MIA,28,WR,16,16,,0,1,0.0,0,0,0.0,0,0.0,0,0,0.0,0.0,,0.0,39.6,2.9,0,0,0.0,0.0,0.0,,,,,,,,,,,,,,,,,,,,,,,,,,,,,,,,
98,99,Eric Weddle*+\WeddEr99,SDG,29,FS,16,16,,0,1,0.0,0,0,0.0,0,0.0,0,0,0.0,0.0,,0.0,39.6,,0,0,0.0,0.0,0.0,,,,,,,,,,,,,,,,,,,,,,,,,,,,,,,,
99,100,Brad Wing\WingBr00,PIT,23,P,16,0,,0,1,0.0,0,0,0.0,1,100.0,0,0,0.0,-45.0,,0.0,0.0,,0,0,0.0,-45.0,0.0,,,,,,,,,,,,,,,,,,,,,,,,,,,,,,,,
0,1,Philip Rivers\RivePh00,SDG,34,QB,16,16,4-12-0,437,661,66.1,4792,29,4.4,13,2.0,227,80,7.2,7.2,11.0,299.5,93.8,55.7,40,264,6.46,6.45,5.7,1.0,2.0,,,,,,,,,,,,,,,,,,,,,,,,,,,,,,
1,2,Drew Brees\BreeDr00,NOR,36,QB,15,15,7-8-0,428,627,68.3,4870,32,5.1,11,1.8,228,80,7.8,8.0,11.4,324.7,101.0,70.4,31,235,7.04,7.26,4.7,1.0,2.0,,,,,,,,,,,,,,,,,,,,,,,,,,,,,,
2,3,Tom Brady*\BradTo00,NWE,38,QB,16,16,12-4-0,402,624,64.4,4770,36,5.8,7,1.1,229,76,7.6,8.3,11.9,298.1,102.2,68.0,38,225,6.87,7.48,5.7,2.0,2.0,26.0,NWE,39.0,QB,12.0,12.0,11-1-0,291.0,432.0,67.4,3554.0,28.0,6.5,2.0,0.5,165.0,79.0,8.2,9.3,12.2,296.2,112.2,79.1,15.0,87.0,7.76,8.81,3.4,1.0,1.0
3,4,Eli Manning*\MannEl00,NYG,34,QB,16,16,6-10-0,387,618,62.6,4432,35,5.7,14,2.3,206,87,7.2,7.3,11.5,277.0,93.6,60.5,27,157,6.63,6.74,4.2,1.0,2.0,,,,,,,,,,,,,,,,,,,,,,,,,,,,,,
4,5,Matt Ryan\RyanMa00,ATL,30,QB,16,16,8-8-0,407,614,66.3,4591,21,3.4,16,2.6,228,70,7.5,7.0,11.3,286.9,89.0,69.6,30,203,6.81,6.35,4.7,4.0,4.0,,,,,,,,,,,,,,,,,,,,,,,,,,,,,,
5,6,Blake Bortles\BortBl00,JAX,23,QB,16,16,5-11-0,355,606,58.6,4428,35,5.8,18,3.0,220,90,7.3,7.1,12.5,276.8,88.2,51.8,51,320,6.25,6.09,7.8,3.0,4.0,3.0,JAX,24.0,QB,16.0,16.0,3-13-0,368.0,625.0,58.9,3905.0,23.0,3.7,16.0,2.6,207.0,51.0,6.2,5.8,10.6,244.1,78.8,42.8,34.0,197.0,5.63,5.23,5.2,1.0,1.0
6,7,Matthew Stafford\StafMa00,DET,27,QB,16,16,7-9-0,398,592,67.2,4262,32,5.4,13,2.2,224,57,7.2,7.3,10.7,266.4,97.0,58.5,44,251,6.31,6.39,6.9,2.0,3.0,9.0,DET,28.0,QB,16.0,16.0,9-7-0,388.0,594.0,65.3,4327.0,24.0,4.0,10.0,1.7,218.0,73.0,7.3,7.3,11.2,270.4,93.3,66.5,37.0,216.0,6.52,6.56,5.9,8.0,8.0
7,8,Ryan Tannehill\TannRy00,MIA,27,QB,16,16,6-10-0,363,586,61.9,4208,24,4.1,12,2.0,195,54,7.2,7.1,11.6,263.0,88.7,46.3,45,420,6.0,5.91,7.1,2.0,2.0,28.0,MIA,28.0,QB,13.0,13.0,8-5-0,261.0,389.0,67.1,2995.0,19.0,4.9,12.0,3.1,134.0,74.0,7.7,7.3,11.5,230.4,93.5,49.4,29.0,216.0,6.65,6.27,6.9,3.0,3.0
8,9,Derek Carr*\CarrDe02,OAK,24,QB,16,16,7-9-0,350,573,61.1,3987,32,5.6,13,2.3,188,68,7.0,7.1,11.4,249.2,91.1,41.2,31,230,6.22,6.31,5.1,4.0,4.0,13.0,OAK,25.0,QB,15.0,15.0,12-3-0,357.0,560.0,63.8,3937.0,28.0,5.0,6.0,1.1,191.0,75.0,7.0,7.5,11.0,262.5,96.7,54.6,16.0,79.0,6.7,7.2,2.8,7.0,7.0
9,10,Aaron Rodgers*\RodgAa00,GNB,32,QB,16,16,10-6-0,347,572,60.7,3821,31,5.4,8,1.4,177,65,6.7,7.1,11.0,238.8,92.7,60.3,46,314,5.67,6.1,7.4,2.0,2.0,4.0,GNB,33.0,QB,16.0,16.0,10-6-0,401.0,610.0,65.7,4428.0,40.0,6.6,7.0,1.1,226.0,60.0,7.3,8.1,11.0,276.8,104.2,73.8,35.0,246.0,6.48,7.24,5.4,0.0,2.0
10,11,Ryan Fitzpatrick\FitzRy00,NYJ,33,QB,16,16,10-6-0,335,562,59.6,3905,31,5.5,15,2.7,197,69,6.9,6.9,11.7,244.1,88.0,63.5,19,94,6.56,6.46,3.3,2.0,3.0,27.0,NYJ,34.0,QB,14.0,11.0,3-8-0,228.0,403.0,56.6,2710.0,12.0,3.0,17.0,4.2,130.0,57.0,6.7,5.4,11.9,193.6,69.6,37.9,19.0,81.0,6.23,4.99,4.5,,
11,12,Kirk Cousins\CousKi00,WAS,27,QB,16,16,9-7-0,379,543,69.8,4166,29,5.3,11,2.0,205,78,7.7,7.8,11.0,260.4,101.6,71.7,26,186,6.99,7.14,4.6,2.0,3.0,,,,,,,,,,,,,,,,,,,,,,,,,,,,,,
12,13,Carson Palmer*\PalmCa00,ARI,36,QB,16,16,13-3-0,342,537,63.7,4671,35,6.5,11,2.0,231,68,8.7,9.1,13.7,291.9,104.6,77.1,25,151,8.04,8.41,4.4,1.0,4.0,,,,,,,,,,,,,,,,,,,,,,,,,,,,,,
13,14,Jameis Winston*\WinsJa00,TAM,21,QB,16,16,6-10-0,312,535,58.3,4042,22,4.1,15,2.8,201,68,7.6,7.1,13.0,252.6,84.2,61.1,27,190,6.85,6.44,4.8,2.0,3.0,,,,,,,,,,,,,,,,,,,,,,,,,,,,,,
14,15,Sam Bradford\BradSa00,PHI,28,QB,14,14,7-7-0,346,532,65.0,3725,19,3.6,14,2.6,170,78,7.0,6.5,10.8,266.1,86.4,42.1,28,200,6.29,5.85,5.0,0.0,2.0,14.0,MIN,29.0,QB,15.0,15.0,7-8-0,395.0,552.0,71.6,3877.0,20.0,3.6,5.0,0.9,199.0,71.0,7.0,7.3,9.8,258.5,99.3,57.3,37.0,276.0,6.11,6.41,6.3,1.0,1.0
15,16,Cam Newton*+\NewtCa00,CAR,26,QB,16,16,15-1-0,296,495,59.8,3837,35,7.1,10,2.0,195,74,7.8,8.3,13.0,239.8,99.4,67.0,33,284,6.73,7.2,6.3,3.0,4.0,,,,,,,,,,,,,,,,,,,,,,,,,,,,,,
16,17,Jay Cutler\CutlJa00,CHI,32,QB,15,15,6-9-0,311,483,64.4,3659,21,4.3,11,2.3,173,87,7.6,7.4,11.8,243.9,92.3,59.9,29,150,6.85,6.71,5.7,4.0,4.0,38.0,CHI,33.0,qb,5.0,5.0,1-4-0,81.0,137.0,59.1,1059.0,4.0,2.9,5.0,3.6,45.0,54.0,7.7,6.7,13.1,211.8,78.1,23.2,17.0,104.0,6.2,5.26,11.0,,
17,18,Russell Wilson*\WilsRu00,SEA,27,QB,16,16,10-6-0,329,483,68.1,4024,34,7.0,8,1.7,190,80,8.3,9.0,12.2,251.5,110.1,67.3,45,265,7.12,7.73,8.5,2.0,2.0,,,,,,,,,,,,,,,,,,,,,,,,,,,,,,
18,19,Alex Smith\SmitAl03,KAN,31,QB,16,16,11-5-0,307,470,65.3,3486,20,4.3,7,1.5,155,80,7.4,7.6,11.4,217.9,95.4,58.4,45,235,6.31,6.48,8.7,1.0,1.0,,,,,,,,,,,,,,,,,,,,,,,,,,,,,,
19,20,Ben Roethlisberger*\RoetBe00,PIT,33,QB,12,11,7-4-0,319,469,68.0,3938,21,4.5,16,3.4,175,69,8.4,7.8,12.3,328.2,94.5,71.1,20,141,7.76,7.15,4.1,1.0,1.0,20.0,PIT,34.0,QB,14.0,14.0,10-4-0,328.0,509.0,64.4,3819.0,29.0,5.7,13.0,2.6,184.0,72.0,7.5,7.5,11.6,272.8,95.4,61.8,17.0,141.0,6.99,6.98,3.2,2.0,2.0
20,21,Teddy Bridgewater*\BridTe00,MIN,23,QB,16,16,11-5-0,292,447,65.3,3231,14,3.1,9,2.0,153,52,7.2,6.9,11.1,201.9,88.7,57.5,44,307,5.96,5.7,9.0,1.0,1.0,,,,,,,,,,,,,,,,,,,,,,,,,,,,,,
21,22,Joe Flacco\FlacJo00,BAL,30,QB,10,10,3-7-0,266,413,64.4,2791,14,3.4,12,2.9,125,50,6.8,6.1,10.5,279.1,83.1,49.7,16,124,6.22,5.61,3.7,3.0,3.0,2.0,BAL,31.0,QB,16.0,16.0,8-8-0,436.0,672.0,64.9,4317.0,20.0,3.0,15.0,2.2,204.0,95.0,6.4,6.0,9.9,269.8,83.5,52.7,33.0,243.0,5.78,5.39,4.7,2.0,2.0
22,23,Andy Dalton\DaltAn00,CIN,28,QB,13,13,10-3-0,255,386,66.1,3250,25,6.5,7,1.8,148,80,8.4,8.9,12.7,250.0,106.2,70.0,20,118,7.71,8.17,4.9,3.0,3.0,,,,,,,,,,,,,,,,,,,,,,,,,,,,,,
23,24,Tyrod Taylor*\TaylTy00,BUF,26,QB/wr,14,14,7-6-0,242,380,63.7,3035,20,5.3,6,1.6,129,63,8.0,8.3,12.5,216.8,99.4,65.3,36,212,6.79,7.1,8.7,1.0,2.0,,,,,,,,,,,,,,,,,,,,,,,,,,,,,,
24,25,Marcus Mariota\MariMa01,TEN,22,QB,12,12,3-9-0,230,370,62.2,2818,19,5.1,10,2.7,142,61,7.6,7.4,12.3,234.8,91.5,53.3,38,258,6.27,6.1,9.3,2.0,2.0,24.0,TEN,23.0,QB,15.0,15.0,8-7-0,276.0,451.0,61.2,3426.0,26.0,5.8,9.0,2.0,157.0,60.0,7.6,7.9,12.4,228.4,95.6,59.4,23.0,156.0,6.9,7.14,4.9,2.0,2.0
25,26,Brian Hoyer\HoyeBr00,HOU,30,QB,11,9,5-4-0,224,369,60.7,2606,19,5.1,7,1.9,130,49,7.1,7.2,11.6,236.9,91.4,56.1,25,185,6.14,6.31,6.3,1.0,1.0,33.0,CHI,31.0,qb,6.0,5.0,1-4-0,134.0,200.0,67.0,1445.0,6.0,3.0,0.0,0.0,75.0,64.0,7.2,7.8,10.8,240.8,98.0,59.5,4.0,18.0,7.0,7.58,2.0,,
26,27,Nick Foles\FoleNi00,STL,26,QB,11,11,4-7-0,190,337,56.4,2052,7,2.1,10,3.0,85,68,6.1,5.2,10.8,186.5,69.0,28.1,14,98,5.57,4.68,4.0,1.0,1.0,46.0,KAN,27.0,qb,3.0,1.0,1-0-0,36.0,55.0,65.5,410.0,3.0,5.5,0.0,0.0,15.0,49.0,7.5,8.5,11.4,136.7,105.9,31.8,4.0,34.0,6.37,7.39,6.8,,
27,28,Peyton Manning\MannPe00,DEN,39,QB,10,9,7-2-0,198,331,59.8,2249,9,2.7,17,5.1,110,75,6.8,5.0,11.4,224.9,67.9,43.9,16,95,6.21,4.52,4.6,3.0,3.0,,,,,,,,,,,,,,,,,,,,,,,,,,,,,,
28,29,Andrew Luck\LuckAn00,IND,26,qb,7,7,2-5-0,162,293,55.3,1881,15,5.1,12,4.1,92,87,6.4,5.6,11.6,268.7,74.9,49.4,15,88,5.82,5.04,4.9,1.0,2.0,16.0,IND,27.0,QB,15.0,15.0,8-7-0,346.0,545.0,63.5,4240.0,31.0,5.7,13.0,2.4,206.0,64.0,7.8,7.8,12.3,282.7,96.4,65.9,41.0,268.0,6.78,6.84,7.0,4.0,4.0
29,30,Josh McCown\McCoJo01,CLE,36,QB,8,8,1-7-0,186,292,63.7,2109,12,4.1,4,1.4,96,56,7.2,7.4,11.3,263.6,93.3,50.3,23,137,6.26,6.45,7.3,1.0,1.0,35.0,CLE,37.0,qb,5.0,3.0,0-3-0,90.0,165.0,54.5,1100.0,6.0,3.6,6.0,3.6,56.0,54.0,6.7,5.8,12.2,220.0,72.3,31.5,18.0,126.0,5.32,4.5,9.8,,
30,31,Blaine Gabbert\GabbBl00,SFO,26,QB,8,8,3-5-0,178,282,63.1,2031,10,3.5,7,2.5,85,71,7.2,6.8,11.4,253.9,86.2,37.8,25,164,6.08,5.71,8.1,2.0,2.0,36.0,SFO,27.0,qb,6.0,5.0,1-4-0,91.0,160.0,56.9,925.0,5.0,3.1,6.0,3.8,50.0,75.0,5.8,4.7,10.2,154.2,68.4,53.7,11.0,48.0,5.13,4.13,6.4,,
31,32,Brock Osweiler\OsweBr00,DEN,25,qb,8,7,5-2-0,170,275,61.8,1967,10,3.6,6,2.2,92,72,7.2,6.9,11.6,245.9,86.4,53.0,23,151,6.09,5.86,7.7,2.0,2.0,19.0,HOU,26.0,QB,15.0,14.0,8-6-0,301.0,510.0,59.0,2957.0,15.0,2.9,16.0,3.1,154.0,53.0,5.8,5.0,9.8,197.1,72.2,49.5,27.0,206.0,5.12,4.34,5.0,2.0,2.0
32,33,Matt Hasselbeck\HassMa00,IND,40,QB,8,8,5-3-0,156,256,60.9,1690,9,3.5,5,2.0,87,57,6.6,6.4,10.8,211.3,84.0,48.0,16,101,5.84,5.68,5.9,1.0,2.0,,,,,,,,,,,,,,,,,,,,,,,,,,,,,,
33,34,Colin Kaepernick\KaepCo00,SFO,28,QB,9,8,2-6-0,144,244,59.0,1615,6,2.5,5,2.0,73,76,6.6,6.2,11.2,179.4,78.5,43.4,28,166,5.33,4.94,10.3,,,29.0,SFO,29.0,QB,12.0,11.0,1-10-0,196.0,331.0,59.2,2241.0,16.0,4.8,4.0,1.2,101.0,65.0,6.8,7.2,11.4,186.8,90.7,49.5,36.0,207.0,5.54,5.92,9.8,1.0,1.0
34,35,Ryan Mallett\MallRy00,2TM,27,,8,6,2-4-0,136,244,55.7,1336,5,2.0,6,2.5,0,48,5.5,4.8,9.8,167.0,67.9,,6,32,5.22,4.54,2.4,,,64.0,BAL,28.0,,4.0,0.0,,3.0,6.0,50.0,26.0,0.0,0.0,1.0,16.7,1.0,12.0,4.3,-3.2,8.7,6.5,22.2,3.4,0.0,0.0,4.33,-3.17,0.0,,
35,36,Johnny Manziel\ManzJo00,CLE,23,qb,10,6,2-4-0,129,223,57.8,1500,7,3.1,5,2.2,72,61,6.7,6.3,11.6,150.0,79.4,54.1,19,141,5.62,5.26,7.9,,,,,,,,,,,,,,,,,,,,,,,,,,,,,,,,
36,37,Matt Cassel\CassMa00,2TM,33,,10,8,2-6-0,119,204,58.3,1276,5,2.5,7,3.4,0,51,6.3,5.2,10.7,127.6,70.6,,14,86,5.46,4.47,6.4,1.0,1.0,48.0,TEN,34.0,qb,4.0,1.0,1-0-0,30.0,51.0,58.8,284.0,2.0,3.9,2.0,3.9,16.0,50.0,5.6,4.6,9.5,71.0,71.0,63.3,5.0,23.0,4.66,3.77,8.9,,
37,38,Zach Mettenberger\MettZa00,TEN,24,qb,7,4,0-4-0,101,166,60.8,935,4,2.4,7,4.2,46,57,5.6,4.2,9.3,133.6,66.7,18.4,13,98,4.68,3.36,7.3,,,,,,,,,,,,,,,,,,,,,,,,,,,,,,,,
38,39,Brandon Weeden\WeedBr00,2TM,32,,6,4,1-3-0,97,140,69.3,1043,5,3.6,2,1.4,0,67,7.5,7.5,10.8,173.8,96.8,,10,77,6.44,6.51,6.7,1.0,1.0,,,,,,,,,,,,,,,,,,,,,,,,,,,,,,
39,40,Jimmy Clausen\ClauJi00,2TM,28,,5,3,0-3-0,72,125,57.6,739,2,1.6,4,3.2,0,48,5.9,4.8,10.3,147.8,66.7,,7,38,5.31,4.25,5.3,,,,,,,,,,,,,,,,,,,,,,,,,,,,,,,,
40,41,Case Keenum\KeenCa00,STL,27,qb,6,5,3-2-0,76,125,60.8,828,4,3.2,1,0.8,42,60,6.6,6.9,10.9,138.0,87.7,39.4,4,28,6.2,6.47,3.1,,,30.0,LAR,28.0,QB,10.0,9.0,4-5-0,196.0,322.0,60.9,2201.0,9.0,2.8,11.0,3.4,103.0,65.0,6.8,5.9,11.2,220.1,76.4,37.1,23.0,140.0,5.97,5.06,6.7,1.0,2.0
41,42,Tony Romo\RomoTo00,DAL,35,qb,4,4,3-1-0,83,121,68.6,884,5,4.1,7,5.8,47,39,7.3,5.5,10.7,221.0,79.4,54.9,6,35,6.69,4.99,4.7,1.0,2.0,67.0,DAL,36.0,,1.0,0.0,,3.0,4.0,75.0,29.0,1.0,25.0,0.0,0.0,3.0,15.0,7.3,12.3,9.7,29.0,134.4,98.7,0.0,0.0,7.25,12.25,0.0,,
42,43,A.J. McCarron\McCaA.00,CIN,25,qb,7,3,2-1-0,79,119,66.4,854,6,5.0,2,1.7,46,66,7.2,7.4,10.8,122.0,97.1,,12,63,6.04,6.27,9.2,,,,,,,,,,,,,,,,,,,,,,,,,,,,,,,,
43,44,Kellen Moore\MoorKe02,DAL,26,qb,3,2,0-2-0,61,104,58.7,779,4,3.8,6,5.8,40,36,7.5,5.7,12.8,259.7,71.0,21.7,5,23,6.94,5.19,4.6,,,,,,,,,,,,,,,,,,,,,,,,,,,,,,,,
44,45,Austin Davis\DaviAu00,CLE,26,qb,3,2,0-2-0,56,94,59.6,547,1,1.1,3,3.2,25,42,5.8,4.6,9.8,182.3,66.2,32.1,11,96,4.3,3.2,10.5,,,,,,,,,,,,,,,,,,,,,,,,,,,,,,,,
45,46,Mark Sanchez\SancMa00,PHI,29,qb,4,2,0-2-0,59,91,64.8,616,4,4.4,4,4.4,30,43,6.8,5.7,10.4,154.0,80.7,34.4,9,54,5.62,4.62,9.0,,,57.0,DAL,30.0,,2.0,0.0,,10.0,18.0,55.6,93.0,0.0,0.0,2.0,11.1,5.0,33.0,5.2,0.2,9.3,46.5,30.3,3.2,3.0,25.0,3.24,-1.05,14.3,,
46,47,EJ Manuel\ManuEJ00,BUF,25,qb,7,2,0-2-0,52,84,61.9,561,3,3.6,3,3.6,26,58,6.7,5.8,10.8,80.1,78.5,38.1,6,45,5.73,4.9,6.7,0.0,0.0,53.0,BUF,26.0,qb,6.0,1.0,0-1-0,11.0,26.0,42.3,131.0,0.0,0.0,0.0,0.0,6.0,35.0,5.0,5.0,11.9,21.8,58.3,23.6,3.0,20.0,3.83,3.83,10.3,,
47,48,Matt Schaub\SchaMa00,BAL,34,qb,2,2,1-1-0,52,80,65.0,540,3,3.8,4,5.0,28,48,6.8,5.3,10.4,270.0,76.0,42.1,3,27,6.18,4.73,3.6,0.0,0.0,68.0,ATL,35.0,,4.0,0.0,,1.0,3.0,33.3,16.0,0.0,0.0,0.0,0.0,1.0,16.0,5.3,5.3,16.0,4.0,52.1,15.3,0.0,0.0,5.33,5.33,0.0,,
48,49,Michael Vick\VickMi00,PIT,35,qb,5,3,2-1-0,40,66,60.6,371,2,3.0,1,1.5,14,72,5.6,5.5,9.3,74.2,79.8,31.8,10,53,4.18,4.12,13.2,1.0,1.0,,,,,,,,,,,,,,,,,,,,,,,,,,,,,,
49,50,T.J. Yates\YateT.00,HOU,28,qb,4,2,2-0-0,28,57,49.1,370,3,5.3,1,1.8,19,61,6.5,6.8,13.2,92.5,80.3,46.5,5,33,5.44,5.68,8.1,1.0,1.0,,,,,,,,,,,,,,,,,,,,,,,,,,,,,,
50,51,Landry Jones\JoneLa02,PIT,26,qb,7,2,1-1-0,32,55,58.2,513,3,5.5,4,7.3,19,88,9.3,7.1,16.0,73.3,77.3,43.8,2,17,8.7,6.6,3.5,0.0,1.0,41.0,PIT,27.0,qb,8.0,2.0,1-1-0,53.0,86.0,61.6,558.0,4.0,4.7,2.0,2.3,27.0,51.0,6.5,6.4,10.5,69.8,86.3,43.8,4.0,34.0,5.82,5.71,4.4,1.0,1.0
51,52,Geno Smith\SmitGe00,NYJ,25,,1,0,,27,42,64.3,265,2,4.8,1,2.4,14,28,6.3,6.2,9.8,265.0,87.9,53.1,3,19,5.47,5.36,6.7,,,59.0,NYJ,26.0,qb,2.0,1.0,1-0-0,8.0,14.0,57.1,126.0,1.0,7.1,1.0,7.1,3.0,69.0,9.0,7.2,15.8,63.0,81.3,28.7,3.0,19.0,6.29,4.82,17.6,,
52,53,Dan Orlovsky\OrloDa00,DET,32,,3,0,,22,40,55.0,201,1,2.5,1,2.5,13,23,5.0,4.4,9.1,67.0,66.8,56.7,0,0,5.03,4.4,0.0,,,,,,,,,,,,,,,,,,,,,,,,,,,,,,,,
53,54,Luke McCown\McCoLu00,NOR,34,qb,8,1,0-1-0,32,39,82.1,335,0,0.0,1,2.6,19,25,8.6,7.4,10.5,41.9,91.8,86.1,1,0,8.38,7.25,2.5,,,,,,,,,,,,,,,,,,,,,,,,,,,,,,,,
54,55,Matt McGloin\McGlMa01,OAK,26,,2,0,,23,32,71.9,142,2,6.3,1,3.1,10,14,4.4,4.3,6.2,71.0,88.3,34.5,2,20,3.59,3.44,5.9,,,58.0,OAK,27.0,qb,3.0,1.0,0-1-0,8.0,15.0,53.3,50.0,0.0,0.0,0.0,0.0,3.0,19.0,3.3,3.3,6.3,16.7,60.4,8.2,0.0,0.0,3.33,3.33,0.0,,
55,56,Charlie Whitehurst\WhitCh02,2TM,33,,5,0,,16,32,50.0,150,0,0.0,1,3.1,0,33,4.7,3.3,9.4,30.0,50.3,,5,28,3.3,2.08,13.5,,,54.0,CLE,34.0,,1.0,0.0,,14.0,24.0,58.3,182.0,1.0,4.2,1.0,4.2,8.0,31.0,7.6,6.5,13.0,182.0,78.8,27.9,2.0,14.0,6.46,5.5,7.7,,
56,57,Josh Freeman\FreeJo00,IND,27,qb,1,1,1-0-0,15,28,53.6,149,1,3.6,1,3.6,7,57,5.3,4.4,9.9,149.0,65.9,61.5,1,7,4.9,4.03,3.4,,,,,,,,,,,,,,,,,,,,,,,,,,,,,,,,
57,58,Drew Stanton\StanDr00,ARI,31,,7,0,,11,25,44.0,104,0,0.0,2,8.0,6,21,4.2,0.6,9.5,14.9,22.7,10.3,2,8,3.56,0.22,7.4,,,49.0,ARI,32.0,qb,5.0,1.0,1-0-0,19.0,48.0,39.6,192.0,2.0,4.2,3.0,6.3,11.0,29.0,4.0,2.0,10.1,38.4,39.6,22.5,1.0,8.0,3.76,1.82,2.0,,
58,59,Alex Tanney\TannAl00,TEN,28,,1,0,,10,14,71.4,99,1,7.1,0,0.0,7,29,7.1,8.5,9.9,99.0,114.9,42.9,3,34,3.82,5.0,17.6,,,,,,,,,,,,,,,,,,,,,,,,,,,,,,,,
59,60,Colt McCoy\McCoCo00,WAS,29,,1,0,,7,11,63.6,128,1,9.1,0,0.0,4,71,11.6,13.5,18.3,128.0,133.9,42.6,1,13,9.58,11.25,8.3,,,,,,,,,,,,,,,,,,,,,,,,,,,,,,,,
60,61,Ryan Lindley\LindRy00,IND,26,,1,0,,6,10,60.0,58,1,10.0,0,0.0,4,18,5.8,7.8,9.7,58.0,109.6,95.5,0,0,5.8,7.8,0.0,,,,,,,,,,,,,,,,,,,,,,,,,,,,,,,,
61,62,Shaun Hill\HillSh00,MIN,35,,3,0,,2,7,28.6,15,0,0.0,0,0.0,0,9,2.1,2.1,7.5,5.0,39.6,2.1,1,11,0.5,0.5,12.5,0.0,1.0,51.0,MIN,36.0,qb,3.0,1.0,1-0-0,19.0,35.0,54.3,242.0,0.0,0.0,0.0,0.0,12.0,33.0,6.9,6.9,12.7,80.7,76.1,51.5,1.0,7.0,6.53,6.53,2.8,,
62,63,Sean Mannion\MannSe00,STL,23,,1,0,,6,7,85.7,31,0,0.0,0,0.0,2,11,4.4,4.4,5.2,31.0,85.1,71.1,0,0,4.43,4.43,0.0,,,65.0,LAR,24.0,,1.0,0.0,,3.0,6.0,50.0,19.0,0.0,0.0,1.0,16.7,1.0,9.0,3.2,-4.3,6.3,19.0,17.4,0.3,0.0,0.0,3.17,-4.33,0.0,,
63,64,Sean Renfree\RenfSe00,ATL,25,,2,0,,3,7,42.9,11,0,0.0,1,14.3,1,11,1.6,-4.9,3.7,5.5,10.7,0.9,2,17,-0.67,-5.67,22.2,,,,,,,,,,,,,,,,,,,,,,,,,,,,,,,,
64,65,Derek Anderson\AndeDe00,CAR,32,,3,0,,4,6,66.7,36,0,0.0,0,0.0,2,24,6.0,6.0,9.0,12.0,82.6,8.3,0,0,6.0,6.0,0.0,,,47.0,CAR,33.0,qb,5.0,2.0,0-2-0,36.0,53.0,67.9,453.0,2.0,3.8,5.0,9.4,22.0,48.0,8.5,5.1,12.6,90.6,67.6,14.9,0.0,0.0,8.55,5.06,0.0,,
65,66,Kellen Clemens\ClemKe00,SDG,32,,2,0,,5,6,83.3,63,1,16.7,0,0.0,4,19,10.5,13.8,12.6,31.5,150.0,100.0,0,0,10.5,13.83,0.0,,,76.0,SDG,33.0,,12.0,0.0,,0.0,1.0,0.0,0.0,0.0,0.0,0.0,0.0,0.0,0.0,0.0,0.0,,0.0,39.6,0.1,0.0,0.0,0.0,0.0,0.0,,
66,67,Tarvaris Jackson\JackTa00,SEA,32,,4,0,,4,6,66.7,37,0,0.0,0,0.0,3,17,6.2,6.2,9.3,9.3,83.3,67.7,1,6,4.43,4.43,14.3,,,,,,,,,,,,,,,,,,,,,,,,,,,,,,,,
67,68,Ryan Nassib\NassRy00,NYG,25,,1,0,,5,5,100.0,68,1,20.0,0,0.0,4,25,13.6,17.6,13.6,68.0,158.3,99.6,0,0,13.6,17.6,0.0,,,,,,,,,,,,,,,,,,,,,,,,,,,,,,,,
68,69,Jimmy Garoppolo\GaroJi00,NWE,24,,5,0,,1,4,25.0,6,0,0.0,0,0.0,0,6,1.5,1.5,6.0,1.2,39.6,8.0,0,0,1.5,1.5,0.0,,,44.0,NWE,25.0,qb,6.0,2.0,2-0-0,43.0,63.0,68.3,502.0,4.0,6.3,0.0,0.0,22.0,37.0,8.0,9.2,11.7,83.7,113.3,86.0,3.0,15.0,7.38,8.59,4.5,1.0,1.0
69,70,Johnny Hekker*+\HekkJo00,STL,25,P,16,0,,1,4,25.0,20,0,0.0,0,0.0,1,20,5.0,5.0,20.0,1.3,47.9,,0,0,5.0,5.0,0.0,,,69.0,LAR,26.0,P,16.0,0.0,,1.0,2.0,50.0,4.0,0.0,0.0,0.0,0.0,1.0,4.0,2.0,2.0,4.0,0.3,56.2,,0.0,0.0,2.0,2.0,0.0,,
70,71,Chase Daniel\DaniCh00,KAN,29,,2,0,,2,2,100.0,4,0,0.0,0,0.0,1,6,2.0,2.0,2.0,2.0,79.2,93.9,0,0,2.0,2.0,0.0,,,78.0,PHI,30.0,,1.0,0.0,,1.0,1.0,100.0,16.0,0.0,0.0,0.0,0.0,1.0,16.0,16.0,16.0,16.0,16.0,118.7,99.4,0.0,0.0,16.0,16.0,0.0,,
71,72,B.J. Daniels\DaniB.00,2TM,27,,8,0,,1,2,50.0,7,0,0.0,0,0.0,0,7,3.5,3.5,7.0,0.9,58.3,,0,0,3.5,3.5,0.0,,,,,,,,,,,,,,,,,,,,,,,,,,,,,,,,
72,73,Danny Amendola\AmenDa00,NWE,30,wr,14,7,,1,1,100.0,36,0,0.0,0,0.0,1,36,36.0,36.0,36.0,2.6,118.7,100.0,0,0,36.0,36.0,0.0,,,,,,,,,,,,,,,,,,,,,,,,,,,,,,,,
73,74,Antonio Andrews\AndrAn00,TEN,23,RB,14,10,,1,1,100.0,41,1,100.0,0,0.0,1,41,41.0,61.0,41.0,2.9,158.3,100.0,0,0,41.0,61.0,0.0,,,,,,,,,,,,,,,,,,,,,,,,,,,,,,,,
74,75,Travaris Cadet\CadeTr00,3TM,26,,7,1,,0,1,0.0,0,0,0.0,0,0.0,0,0,0.0,0.0,,0.0,39.6,,0,0,0.0,0.0,0.0,,,,,,,,,,,,,,,,,,,,,,,,,,,,,,,,
75,76,Jamison Crowder\CrowJa00,WAS,22,fb/wr,16,6,,0,1,0.0,0,0,0.0,0,0.0,0,0,0.0,0.0,,0.0,39.6,2.2,0,0,0.0,0.0,0.0,,,,,,,,,,,,,,,,,,,,,,,,,,,,,,,,
76,77,Jonathan Grimes\GrimJo01,HOU,26,,14,0,,0,1,0.0,0,0,0.0,0,0.0,0,0,0.0,0.0,,0.0,39.6,43.6,0,0,0.0,0.0,0.0,,,,,,,,,,,,,,,,,,,,,,,,,,,,,,,,
77,78,Chris Hogan\HogaCh00,BUF,28,wr,16,4,,1,1,100.0,4,0,0.0,0,0.0,0,4,4.0,4.0,4.0,0.3,83.3,60.4,0,0,4.0,4.0,0.0,,,,,,,,,,,,,,,,,,,,,,,,,,,,,,,,
78,79,Sam Koch*\KochSa20,BAL,33,P,16,0,,1,1,100.0,-3,0,0.0,0,0.0,0,-3,-3.0,-3.0,-3.0,-0.2,79.2,,0,0,-3.0,-3.0,0.0,,,,,,,,,,,,,,,,,,,,,,,,,,,,,,,,
79,80,Jarvis Landry*\LandJa00,MIA,23,WR,16,14,,1,1,100.0,9,0,0.0,0,0.0,1,9,9.0,9.0,9.0,0.6,104.2,91.1,0,0,9.0,9.0,0.0,,,83.0,MIA,24.0,WR,16.0,16.0,,0.0,1.0,0.0,0.0,0.0,0.0,0.0,0.0,0.0,0.0,0.0,0.0,,0.0,39.6,1.7,0.0,0.0,0.0,0.0,0.0,,
80,81,Darren McFadden\McFaDa00,DAL,28,RB,16,10,,0,1,0.0,0,0,0.0,0,0.0,0,0,0.0,0.0,,0.0,39.6,25.7,0,0,0.0,0.0,0.0,,,,,,,,,,,,,,,,,,,,,,,,,,,,,,,,
81,82,Matt Moore\MoorMa01,MIA,31,,1,0,,1,1,100.0,14,0,0.0,0,0.0,1,14,14.0,14.0,14.0,14.0,118.7,98.3,0,0,14.0,14.0,0.0,,,40.0,MIA,32.0,qb,4.0,3.0,2-1-0,55.0,87.0,63.2,721.0,8.0,9.2,3.0,3.4,35.0,66.0,8.3,8.6,13.1,180.3,105.6,77.8,1.0,0.0,8.19,8.48,1.1,1.0,2.0
82,83,Cairo Santos\SantCa01,KAN,24,K,16,0,,1,1,100.0,3,0,0.0,0,0.0,0,3,3.0,3.0,3.0,0.2,79.2,,0,0,3.0,3.0,0.0,,,,,,,,,,,,,,,,,,,,,,,,,,,,,,,,
83,84,Cecil Shorts\ShorCe00,HOU,28,wr,11,4,,1,1,100.0,21,1,100.0,0,0.0,0,21,21.0,41.0,21.0,1.9,158.3,77.6,0,0,21.0,41.0,0.0,,,,,,,,,,,,,,,,,,,,,,,,,,,,,,,,
84,85,Scott Tolzien\TolzSc00,GNB,28,,3,0,,1,1,100.0,4,0,0.0,0,0.0,0,4,4.0,4.0,4.0,1.3,83.3,0.0,1,8,-2.0,-2.0,50.0,,,50.0,IND,29.0,qb,3.0,1.0,0-1-0,23.0,37.0,62.2,216.0,1.0,2.7,2.0,5.4,13.0,32.0,5.8,3.9,9.4,72.0,64.7,23.8,3.0,21.0,4.88,3.13,7.5,,
85,86,Bryan Walters\WaltBr00,JAX,28,wr,11,1,,0,1,0.0,0,0,0.0,0,0.0,0,0,0.0,0.0,,0.0,39.6,1.9,0,0,0.0,0.0,0.0,,,,,,,,,,,,,,,,,,,,,,,,,,,,,,,,
0,1,Drew Brees*\BreeDr00,NOR,37,QB,16,16,7-9-0,471,673,70.0,5208,37,5.5,15,2.2,265,98,7.7,7.8,11.1,325.5,101.7,65.1,27,184,7.18,7.27,3.9,2.0,4.0,9.0,NOR,38.0,QB,16.0,16.0,11-5-0,386.0,536.0,72.0,4334.0,23.0,4.3,8.0,1.5,203.0,54.0,8.1,8.3,11.2,270.9,103.9,64.6,20.0,145.0,7.53,7.71,3.6,2.0,2.0
1,2,Joe Flacco\FlacJo00,BAL,31,QB,16,16,8-8-0,436,672,64.9,4317,20,3.0,15,2.2,204,95,6.4,6.0,9.9,269.8,83.5,52.7,33,243,5.78,5.39,4.7,2.0,2.0,7.0,BAL,32.0,QB,16.0,16.0,9-7-0,352.0,549.0,64.1,3141.0,18.0,3.3,13.0,2.4,163.0,66.0,5.7,5.3,8.9,196.3,80.4,49.8,27.0,205.0,5.1,4.71,4.7,,
2,3,Blake Bortles\BortBl00,JAX,24,QB,16,16,3-13-0,368,625,58.9,3905,23,3.7,16,2.6,207,51,6.2,5.8,10.6,244.1,78.8,42.8,34,197,5.63,5.23,5.2,1.0,1.0,11.0,JAX,25.0,QB,16.0,16.0,10-6-0,315.0,523.0,60.2,3687.0,21.0,4.0,13.0,2.5,195.0,75.0,7.0,6.7,11.7,230.4,84.7,59.2,24.0,123.0,6.52,6.21,4.4,1.0,1.0
3,4,Aaron Rodgers*\RodgAa00,GNB,33,QB,16,16,10-6-0,401,610,65.7,4428,40,6.6,7,1.1,226,60,7.3,8.1,11.0,276.8,104.2,73.8,35,246,6.48,7.24,5.4,0.0,2.0,,,,,,,,,,,,,,,,,,,,,,,,,,,,,,
4,5,Carson Wentz\WentCa00,PHI,24,QB,16,16,7-9-0,379,607,62.4,3782,16,2.6,14,2.3,192,73,6.2,5.7,10.0,236.4,79.3,49.4,33,213,5.58,5.09,5.2,1.0,1.0,,,,,,,,,,,,,,,,,,,,,,,,,,,,,,
5,6,Kirk Cousins*\CousKi00,WAS,28,QB,16,16,8-7-1,406,606,67.0,4917,25,4.1,12,2.0,227,80,8.1,8.0,12.1,307.3,97.2,66.1,23,190,7.52,7.45,3.7,4.0,4.0,,,,,,,,,,,,,,,,,,,,,,,,,,,,,,
6,7,Eli Manning\MannEl00,NYG,35,QB,16,16,11-5-0,377,598,63.0,4027,26,4.3,16,2.7,191,75,6.7,6.4,10.7,251.7,86.0,49.3,21,142,6.28,5.95,3.4,3.0,6.0,3.0,NYG,36.0,QB,15.0,15.0,3-12-0,352.0,571.0,61.6,3468.0,19.0,3.3,13.0,2.3,172.0,77.0,6.1,5.7,9.9,231.2,80.4,45.4,31.0,189.0,5.45,5.11,5.1,0.0,1.0
7,8,Carson Palmer\PalmCa00,ARI,37,QB,15,15,6-8-1,364,597,61.0,4233,26,4.4,14,2.3,220,80,7.1,6.9,11.6,282.2,87.2,54.5,40,281,6.2,6.03,6.3,1.0,3.0,30.0,ARI,38.0,qb,7.0,7.0,3-4-0,164.0,267.0,61.4,1978.0,9.0,3.4,7.0,2.6,95.0,46.0,7.4,6.9,12.1,282.6,84.4,52.5,22.0,150.0,6.33,5.86,7.6,2.0,2.0
8,9,Matthew Stafford\StafMa00,DET,28,QB,16,16,9-7-0,388,594,65.3,4327,24,4.0,10,1.7,218,73,7.3,7.3,11.2,270.4,93.3,66.5,37,216,6.52,6.56,5.9,8.0,8.0,4.0,DET,29.0,QB,16.0,16.0,9-7-0,371.0,565.0,65.7,4446.0,29.0,5.1,10.0,1.8,210.0,71.0,7.9,8.1,12.0,277.9,99.3,65.3,47.0,287.0,6.8,7.01,7.7,1.0,4.0
9,10,Philip Rivers*\RivePh00,SDG,35,QB,16,16,5-11-0,349,578,60.4,4386,33,5.7,21,3.6,215,59,7.6,7.1,12.6,274.1,87.9,57.5,36,188,6.84,6.37,5.9,1.0,1.0,2.0,LAC,36.0,QB,16.0,16.0,9-7-0,360.0,575.0,62.6,4515.0,28.0,4.9,10.0,1.7,217.0,75.0,7.9,8.0,12.5,282.2,96.0,64.1,18.0,120.0,7.41,7.6,3.0,2.0,2.0
10,11,Jameis Winston\WinsJa00,TAM,22,QB,16,16,9-7-0,345,567,60.8,4090,28,4.9,18,3.2,216,45,7.2,6.8,11.9,255.6,86.1,59.7,35,239,6.4,5.98,5.8,1.0,3.0,22.0,TAM,23.0,QB,13.0,13.0,3-10-0,282.0,442.0,63.8,3504.0,19.0,4.3,11.0,2.5,185.0,70.0,7.9,7.7,12.4,269.5,92.2,54.0,33.0,207.0,6.94,6.7,6.9,2.0,2.0
11,12,Andy Dalton*\DaltAn00,CIN,29,QB,16,16,6-9-1,364,563,64.7,4206,18,3.2,8,1.4,206,86,7.5,7.5,11.6,262.9,91.8,50.8,41,264,6.53,6.53,6.8,2.0,1.0,,,,,,,,,,,,,,,,,,,,,,,,,,,,,,
12,13,Derek Carr*\CarrDe02,OAK,25,QB,15,15,12-3-0,357,560,63.8,3937,28,5.0,6,1.1,191,75,7.0,7.5,11.0,262.5,96.7,54.6,16,79,6.7,7.2,2.8,7.0,7.0,12.0,OAK,26.0,QB,15.0,15.0,6-9-0,323.0,515.0,62.7,3496.0,22.0,4.3,13.0,2.5,168.0,87.0,6.8,6.5,10.8,233.1,86.4,51.0,20.0,101.0,6.35,6.07,3.7,1.0,1.0
13,14,Sam Bradford\BradSa00,MIN,29,QB,15,15,7-8-0,395,552,71.6,3877,20,3.6,5,0.9,199,71,7.0,7.3,9.8,258.5,99.3,57.3,37,276,6.11,6.41,6.3,1.0,1.0,49.0,MIN,30.0,qb,2.0,2.0,2-0-0,32.0,43.0,74.4,382.0,3.0,7.0,0.0,0.0,17.0,44.0,8.9,10.3,11.9,191.0,124.4,75.3,5.0,40.0,7.13,8.38,10.4,,
14,15,Russell Wilson\WilsRu00,SEA,28,QB,16,16,10-5-1,353,546,64.7,4219,21,3.8,11,2.0,193,59,7.7,7.6,12.0,263.7,92.6,56.8,41,293,6.69,6.56,7.0,4.0,3.0,,,,,,,,,,,,,,,,,,,,,,,,,,,,,,
15,16,Andrew Luck\LuckAn00,IND,27,QB,15,15,8-7-0,346,545,63.5,4240,31,5.7,13,2.4,206,64,7.8,7.8,12.3,282.7,96.4,65.9,41,268,6.78,6.84,7.0,4.0,4.0,,,,,,,,,,,,,,,,,,,,,,,,,,,,,,
16,17,Matt Ryan*+\RyanMa00,ATL,31,QB,16,16,11-5-0,373,534,69.9,4944,38,7.1,7,1.3,240,76,9.3,10.1,13.3,309.0,117.1,79.4,37,235,8.25,9.03,6.5,1.0,2.0,,,,,,,,,,,,,,,,,,,,,,,,,,,,,,
17,18,Cam Newton\NewtCa00,CAR,27,QB,15,14,6-8-0,270,510,52.9,3509,19,3.7,14,2.7,173,88,6.9,6.4,13.0,233.9,75.8,48.0,36,277,5.92,5.46,6.6,,,15.0,CAR,28.0,QB,16.0,16.0,11-5-0,291.0,492.0,59.1,3302.0,22.0,4.5,16.0,3.3,167.0,64.0,6.7,6.1,11.3,206.4,80.7,53.3,35.0,242.0,5.81,5.28,6.6,1.0,3.0
18,19,Brock Osweiler\OsweBr00,HOU,26,QB,15,14,8-6-0,301,510,59.0,2957,15,2.9,16,3.1,154,53,5.8,5.0,9.8,197.1,72.2,49.5,27,206,5.12,4.34,5.0,2.0,2.0,37.0,DEN,27.0,qb,6.0,4.0,0-4-0,96.0,172.0,55.8,1088.0,5.0,2.9,5.0,2.9,53.0,54.0,6.3,5.6,11.3,181.3,72.5,50.3,10.0,64.0,5.63,4.94,5.5,,
19,20,Ben Roethlisberger*\RoetBe00,PIT,34,QB,14,14,10-4-0,328,509,64.4,3819,29,5.7,13,2.6,184,72,7.5,7.5,11.6,272.8,95.4,61.8,17,141,6.99,6.98,3.2,2.0,2.0,5.0,PIT,35.0,QB,15.0,15.0,12-3-0,360.0,561.0,64.2,4251.0,28.0,5.0,14.0,2.5,203.0,97.0,7.6,7.5,11.8,283.4,93.4,66.3,21.0,139.0,7.07,6.95,3.6,3.0,4.0
20,21,Alex Smith*\SmitAl03,KAN,32,QB,15,15,11-4-0,328,489,67.1,3502,15,3.1,8,1.6,182,80,7.2,7.0,10.7,233.5,91.2,58.0,28,140,6.5,6.39,5.4,3.0,3.0,13.0,KAN,33.0,QB,15.0,15.0,9-6-0,341.0,505.0,67.5,4042.0,26.0,5.1,5.0,1.0,182.0,79.0,8.0,8.6,11.9,269.5,104.7,67.0,35.0,207.0,7.1,7.65,6.5,1.0,3.0
21,22,Trevor Siemian\SiemTr00,DEN,25,QB,14,14,8-6-0,289,486,59.5,3401,18,3.7,10,2.1,155,76,7.0,6.8,11.8,242.9,84.6,48.4,31,187,6.22,6.04,6.0,3.0,2.0,27.0,DEN,26.0,QB,11.0,10.0,5-5-0,206.0,349.0,59.0,2285.0,12.0,3.4,14.0,4.0,112.0,44.0,6.5,5.4,11.1,207.7,73.3,33.1,33.0,220.0,5.41,4.38,8.6,,
22,23,Dak Prescott*\PresDa01,DAL,23,QB,16,16,13-3-0,311,459,67.8,3667,23,5.0,4,0.9,185,83,8.0,8.6,11.8,229.2,104.9,78.8,25,143,7.28,7.86,5.2,5.0,5.0,,,,,,,,,,,,,,,,,,,,,,,,,,,,,,
23,24,Marcus Mariota\MariMa01,TEN,23,QB,15,15,8-7-0,276,451,61.2,3426,26,5.8,9,2.0,157,60,7.6,7.9,12.4,228.4,95.6,59.4,23,156,6.9,7.14,4.9,2.0,2.0,21.0,TEN,24.0,QB,15.0,15.0,9-6-0,281.0,453.0,62.0,3232.0,13.0,2.9,15.0,3.3,149.0,75.0,7.1,6.2,11.5,215.5,79.3,58.8,27.0,173.0,6.37,5.51,5.6,3.0,4.0
24,25,Tyrod Taylor\TaylTy00,BUF,27,QB,15,15,7-8-0,269,436,61.7,3023,17,3.9,6,1.4,148,84,6.9,7.1,11.2,201.5,89.7,61.4,42,192,5.92,6.07,8.8,1.0,1.0,25.0,BUF,28.0,QB,15.0,14.0,8-6-0,263.0,420.0,62.6,2799.0,14.0,3.3,4.0,1.0,133.0,47.0,6.7,6.9,10.6,186.6,89.2,60.0,46.0,256.0,5.46,5.67,9.9,1.0,2.0
25,26,Tom Brady*\BradTo00,NWE,39,QB,12,12,11-1-0,291,432,67.4,3554,28,6.5,2,0.5,165,79,8.2,9.3,12.2,296.2,112.2,79.1,15,87,7.76,8.81,3.4,1.0,1.0,,,,,,,,,,,,,,,,,,,,,,,,,,,,,,
26,27,Ryan Fitzpatrick\FitzRy00,NYJ,34,QB,14,11,3-8-0,228,403,56.6,2710,12,3.0,17,4.2,130,57,6.7,5.4,11.9,193.6,69.6,37.9,19,81,6.23,4.99,4.5,,,39.0,TAM,35.0,qb,6.0,3.0,2-1-0,96.0,163.0,58.9,1103.0,7.0,4.3,3.0,1.8,64.0,41.0,6.8,6.8,11.5,183.8,86.0,59.7,7.0,34.0,6.29,6.32,4.1,0.0,1.0
27,28,Ryan Tannehill\TannRy00,MIA,28,QB,13,13,8-5-0,261,389,67.1,2995,19,4.9,12,3.1,134,74,7.7,7.3,11.5,230.4,93.5,49.4,29,216,6.65,6.27,6.9,3.0,3.0,,,,,,,,,,,,,,,,,,,,,,,,,,,,,,
28,29,Colin Kaepernick\KaepCo00,SFO,29,QB,12,11,1-10-0,196,331,59.2,2241,16,4.8,4,1.2,101,65,6.8,7.2,11.4,186.8,90.7,49.5,36,207,5.54,5.92,9.8,1.0,1.0,,,,,,,,,,,,,,,,,,,,,,,,,,,,,,
29,30,Case Keenum\KeenCa00,LAR,28,QB,10,9,4-5-0,196,322,60.9,2201,9,2.8,11,3.4,103,65,6.8,5.9,11.2,220.1,76.4,37.1,23,140,5.97,5.06,6.7,1.0,2.0,17.0,MIN,29.0,QB,15.0,14.0,11-3-0,325.0,481.0,67.6,3547.0,22.0,4.6,7.0,1.5,180.0,65.0,7.4,7.6,10.9,236.5,98.3,74.3,22.0,136.0,6.78,7.03,4.4,1.0,3.0
30,31,Matt Barkley\BarkMa00,CHI,26,qb,7,6,1-5-0,129,216,59.7,1611,8,3.7,14,6.5,90,37,7.5,5.3,12.5,230.1,68.3,39.8,6,43,7.06,4.95,2.7,,,,,,,,,,,,,,,,,,,,,,,,,,,,,,,,
31,32,Jared Goff\GoffJa00,LAR,22,qb,7,7,0-7-0,112,205,54.6,1089,5,2.4,7,3.4,48,66,5.3,4.3,9.7,155.6,63.6,18.9,26,222,3.75,2.82,11.3,,,,,,,,,,,,,,,,,,,,,,,,,,,,,,,,
32,33,Brian Hoyer\HoyeBr00,CHI,31,qb,6,5,1-4-0,134,200,67.0,1445,6,3.0,0,0.0,75,64,7.2,7.8,10.8,240.8,98.0,59.5,4,18,7.0,7.58,2.0,,,34.0,2TM,32.0,,11.0,6.0,0-6-0,123.0,211.0,58.3,1287.0,4.0,1.9,4.0,1.9,0.0,59.0,6.1,5.6,10.5,117.0,74.5,,16.0,112.0,5.18,4.74,7.0,,
33,34,Cody Kessler\KessCo00,CLE,23,QB,9,8,0-8-0,128,195,65.6,1380,6,3.1,2,1.0,69,44,7.1,7.2,10.8,153.3,92.3,42.1,21,140,5.74,5.88,9.7,,,57.0,CLE,24.0,,3.0,0.0,,11.0,23.0,47.8,126.0,0.0,0.0,1.0,4.3,6.0,31.0,5.5,3.5,11.5,42.0,46.6,5.3,6.0,48.0,2.69,1.14,20.7,,
34,35,Josh McCown\McCoJo01,CLE,37,qb,5,3,0-3-0,90,165,54.5,1100,6,3.6,6,3.6,56,54,6.7,5.8,12.2,220.0,72.3,31.5,18,126,5.32,4.5,9.8,,,26.0,NYJ,38.0,QB,13.0,13.0,5-8-0,267.0,397.0,67.3,2926.0,18.0,4.5,9.0,2.3,137.0,69.0,7.4,7.3,11.0,225.1,94.5,60.0,39.0,264.0,6.11,6.0,8.9,1.0,2.0
35,36,Blaine Gabbert\GabbBl00,SFO,27,qb,6,5,1-4-0,91,160,56.9,925,5,3.1,6,3.8,50,75,5.8,4.7,10.2,154.2,68.4,53.7,11,48,5.13,4.13,6.4,,,38.0,ARI,28.0,qb,5.0,5.0,2-3-0,95.0,171.0,55.6,1086.0,6.0,3.5,6.0,3.5,55.0,52.0,6.4,5.5,11.4,217.2,71.9,30.6,23.0,149.0,4.83,4.06,11.9,2.0,2.0
36,37,Robert Griffin\GrifRo01,CLE,26,qb,5,5,1-4-0,87,147,59.2,886,2,1.4,3,2.0,43,58,6.0,5.4,10.2,177.2,72.5,36.4,22,138,4.43,3.86,13.0,,,,,,,,,,,,,,,,,,,,,,,,,,,,,,,,
37,38,Jay Cutler\CutlJa00,CHI,33,qb,5,5,1-4-0,81,137,59.1,1059,4,2.9,5,3.6,45,54,7.7,6.7,13.1,211.8,78.1,23.2,17,104,6.2,5.26,11.0,,,24.0,MIA,34.0,QB,14.0,14.0,6-8-0,266.0,429.0,62.0,2666.0,19.0,4.4,14.0,3.3,138.0,65.0,6.2,5.6,10.0,190.4,80.8,45.6,20.0,154.0,5.59,5.04,4.5,2.0,3.0
38,39,Bryce Petty\PettBr01,NYJ,25,qb,6,4,1-3-0,75,133,56.4,809,3,2.3,7,5.3,35,52,6.1,4.2,10.8,134.8,60.0,16.1,13,79,5.0,3.25,8.9,1.0,1.0,43.0,NYJ,26.0,qb,4.0,3.0,0-3-0,55.0,112.0,49.1,544.0,1.0,0.9,3.0,2.7,25.0,46.0,4.9,3.8,9.9,136.0,55.1,27.5,8.0,55.0,4.08,3.12,6.7,,
39,40,Matt Moore\MoorMa01,MIA,32,qb,4,3,2-1-0,55,87,63.2,721,8,9.2,3,3.4,35,66,8.3,8.6,13.1,180.3,105.6,77.8,1,0,8.19,8.48,1.1,1.0,2.0,42.0,MIA,33.0,qb,4.0,2.0,0-2-0,78.0,127.0,61.4,861.0,4.0,3.1,5.0,3.9,40.0,61.0,6.8,5.6,11.0,215.3,75.6,44.3,12.0,95.0,5.51,4.47,8.6,1.0,1.0
40,41,Landry Jones\JoneLa02,PIT,27,qb,8,2,1-1-0,53,86,61.6,558,4,4.7,2,2.3,27,51,6.5,6.4,10.5,69.8,86.3,43.8,4,34,5.82,5.71,4.4,1.0,1.0,56.0,PIT,28.0,qb,3.0,1.0,1-0-0,23.0,28.0,82.1,239.0,1.0,3.6,1.0,3.6,9.0,46.0,8.5,7.6,10.4,79.7,99.3,70.3,3.0,15.0,7.23,6.42,9.7,,
41,42,Paxton Lynch\LyncPa00,DEN,22,qb,3,2,1-1-0,49,83,59.0,497,2,2.4,1,1.2,25,31,6.0,5.9,10.1,165.7,79.2,23.3,9,42,4.95,4.89,9.8,,,48.0,DEN,23.0,qb,2.0,2.0,0-2-0,30.0,45.0,66.7,295.0,2.0,4.4,3.0,6.7,15.0,30.0,6.6,4.4,9.8,147.5,72.0,33.1,9.0,51.0,4.52,2.76,16.7,,
42,43,Tom Savage\SavaTo00,HOU,26,qb,3,2,1-1-0,46,73,63.0,461,0,0.0,0,0.0,20,32,6.3,6.3,10.0,153.7,80.9,60.6,5,36,5.45,5.45,6.4,2.0,2.0,33.0,HOU,27.0,qb,8.0,7.0,1-6-0,125.0,223.0,56.1,1412.0,5.0,2.2,6.0,2.7,70.0,57.0,6.3,5.6,11.3,176.5,71.4,37.2,21.0,159.0,5.14,4.44,8.6,1.0,1.0
43,44,Jimmy Garoppolo\GaroJi00,NWE,25,qb,6,2,2-0-0,43,63,68.3,502,4,6.3,0,0.0,22,37,8.0,9.2,11.7,83.7,113.3,86.0,3,15,7.38,8.59,4.5,1.0,1.0,36.0,SFO,26.0,qb,6.0,5.0,5-0-0,120.0,178.0,67.4,1560.0,7.0,3.9,5.0,2.8,81.0,61.0,8.8,8.3,13.0,260.0,96.2,80.7,8.0,57.0,8.08,7.62,4.3,2.0,2.0
44,45,Jacoby Brissett\BrisJa00,NWE,24,qb,3,2,1-1-0,34,55,61.8,400,0,0.0,0,0.0,18,58,7.3,7.3,11.8,133.3,83.9,41.7,6,46,5.8,5.8,9.8,,,20.0,IND,25.0,QB,16.0,15.0,4-11-0,276.0,469.0,58.8,3098.0,13.0,2.8,7.0,1.5,146.0,80.0,6.6,6.5,11.2,193.6,81.7,41.5,52.0,305.0,5.36,5.26,10.0,0.0,1.0
45,46,Nick Foles\FoleNi00,KAN,27,qb,3,1,1-0-0,36,55,65.5,410,3,5.5,0,0.0,15,49,7.5,8.5,11.4,136.7,105.9,31.8,4,34,6.37,7.39,6.8,,,44.0,PHI,28.0,qb,7.0,3.0,2-1-0,57.0,101.0,56.4,537.0,5.0,5.0,2.0,2.0,29.0,35.0,5.3,5.4,9.4,76.7,79.5,34.7,5.0,44.0,4.65,4.75,4.7,1.0,2.0
46,47,Derek Anderson\AndeDe00,CAR,33,qb,5,2,0-2-0,36,53,67.9,453,2,3.8,5,9.4,22,48,8.5,5.1,12.6,90.6,67.6,14.9,0,0,8.55,5.06,0.0,,,62.0,CAR,34.0,,3.0,0.0,,2.0,8.0,25.0,17.0,0.0,0.0,0.0,0.0,1.0,9.0,2.1,2.1,8.5,5.7,39.6,0.2,0.0,0.0,2.13,2.13,0.0,,
47,48,Matt Cassel\CassMa00,TEN,34,qb,4,1,1-0-0,30,51,58.8,284,2,3.9,2,3.9,16,50,5.6,4.6,9.5,71.0,71.0,63.3,5,23,4.66,3.77,8.9,,,52.0,TEN,35.0,qb,2.0,1.0,0-1-0,25.0,42.0,59.5,162.0,1.0,2.4,2.0,4.8,10.0,17.0,3.9,2.2,6.5,81.0,55.9,14.5,8.0,30.0,2.64,1.24,16.0,,
48,49,Drew Stanton\StanDr00,ARI,32,qb,5,1,1-0-0,19,48,39.6,192,2,4.2,3,6.3,11,29,4.0,2.0,10.1,38.4,39.6,22.5,1,8,3.76,1.82,2.0,,,40.0,ARI,33.0,qb,5.0,4.0,3-1-0,79.0,159.0,49.7,894.0,6.0,3.8,5.0,3.1,49.0,52.0,5.6,5.0,11.3,178.8,66.4,36.7,7.0,40.0,5.14,4.51,4.2,1.0,1.0
49,50,Scott Tolzien\TolzSc00,IND,29,qb,3,1,0-1-0,23,37,62.2,216,1,2.7,2,5.4,13,32,5.8,3.9,9.4,72.0,64.7,23.8,3,21,4.88,3.13,7.5,,,59.0,IND,30.0,qb,1.0,1.0,0-1-0,9.0,18.0,50.0,128.0,0.0,0.0,2.0,11.1,5.0,32.0,7.1,2.1,14.2,128.0,33.8,7.3,4.0,29.0,4.5,0.41,18.2,,
50,51,Shaun Hill\HillSh00,MIN,36,qb,3,1,1-0-0,19,35,54.3,242,0,0.0,0,0.0,12,33,6.9,6.9,12.7,80.7,76.1,51.5,1,7,6.53,6.53,2.8,,,,,,,,,,,,,,,,,,,,,,,,,,,,,,,,
51,52,Kevin Hogan\HogaKe00,CLE,24,,4,0,,14,26,53.8,104,0,0.0,2,7.7,6,17,4.0,0.5,7.4,26.0,31.6,64.1,2,10,3.36,0.14,7.1,,,46.0,CLE,25.0,qb,4.0,1.0,0-1-0,46.0,75.0,61.3,517.0,4.0,5.3,5.0,6.7,21.0,49.0,6.9,5.0,11.2,129.3,71.9,42.3,6.0,35.0,5.95,4.16,7.4,,
52,53,EJ Manuel\ManuEJ00,BUF,26,qb,6,1,0-1-0,11,26,42.3,131,0,0.0,0,0.0,6,35,5.0,5.0,11.9,21.8,58.3,23.6,3,20,3.83,3.83,10.3,,,51.0,OAK,27.0,qb,2.0,1.0,0-1-0,24.0,43.0,55.8,265.0,1.0,2.3,1.0,2.3,13.0,41.0,6.2,5.6,11.0,132.5,72.3,48.2,4.0,29.0,5.02,4.49,8.5,,
53,54,Charlie Whitehurst\WhitCh02,CLE,34,,1,0,,14,24,58.3,182,1,4.2,1,4.2,8,31,7.6,6.5,13.0,182.0,78.8,27.9,2,14,6.46,5.5,7.7,,,,,,,,,,,,,,,,,,,,,,,,,,,,,,,,
54,55,Connor Cook\CookCo00,OAK,23,,1,0,,14,21,66.7,150,1,4.8,1,4.8,6,32,7.1,6.0,10.7,150.0,83.4,9.5,2,7,6.22,5.13,8.7,,,,,,,,,,,,,,,,,,,,,,,,,,,,,,,,
55,56,Trevone Boykin\BoykTr00,SEA,23,,5,0,,13,18,72.2,145,1,5.6,1,5.6,8,31,8.1,6.7,11.2,29.0,91.2,66.4,1,5,7.37,6.05,5.3,,,,,,,,,,,,,,,,,,,,,,,,,,,,,,,,
56,57,Mark Sanchez\SancMa00,DAL,30,,2,0,,10,18,55.6,93,0,0.0,2,11.1,5,33,5.2,0.2,9.3,46.5,30.3,3.2,3,25,3.24,-1.05,14.3,,,,,,,,,,,,,,,,,,,,,,,,,,,,,,,,
57,58,Matt McGloin\McGlMa01,OAK,27,qb,3,1,0-1-0,8,15,53.3,50,0,0.0,0,0.0,3,19,3.3,3.3,6.3,16.7,60.4,8.2,0,0,3.33,3.33,0.0,,,,,,,,,,,,,,,,,,,,,,,,,,,,,,,,
58,59,Geno Smith\SmitGe00,NYJ,26,qb,2,1,1-0-0,8,14,57.1,126,1,7.1,1,7.1,3,69,9.0,7.2,15.8,63.0,81.3,28.7,3,19,6.29,4.82,17.6,,,54.0,NYG,27.0,qb,2.0,1.0,0-1-0,21.0,36.0,58.3,212.0,1.0,2.8,0.0,0.0,8.0,47.0,5.9,6.4,10.1,106.0,84.5,42.0,3.0,12.0,5.13,5.64,7.7,,
59,60,Mike Glennon\GlenMi00,TAM,27,,2,0,,10,11,90.9,75,1,9.1,0,0.0,6,13,6.8,8.6,7.5,37.5,125.4,96.7,0,0,6.82,8.64,0.0,,,41.0,CHI,28.0,qb,4.0,4.0,1-3-0,93.0,140.0,66.4,833.0,4.0,2.9,5.0,3.6,42.0,29.0,6.0,4.9,9.0,208.3,76.9,28.3,8.0,78.0,5.1,4.12,5.4,0.0,1.0
60,61,Cardale Jones\JoneCa01,BUF,24,,1,0,,6,11,54.5,96,0,0.0,1,9.1,2,64,8.7,4.6,16.0,96.0,46.0,13.9,1,2,7.83,4.08,8.3,,,,,,,,,,,,,,,,,,,,,,,,,,,,,,,,
61,62,Brett Hundley\HundBr00,GNB,23,,4,0,,2,10,20.0,17,0,0.0,1,10.0,0,9,1.7,-2.8,8.5,4.3,0.0,4.6,0,0,1.7,-2.8,0.0,,,29.0,GNB,24.0,QB,11.0,9.0,3-6-0,192.0,316.0,60.8,1836.0,9.0,2.8,12.0,3.8,90.0,55.0,5.8,4.7,9.6,166.9,70.6,44.2,29.0,197.0,4.75,3.71,8.4,2.0,2.0
62,63,Terrelle Pryor\PryoTe00,CLE,27,WR,16,15,,5,9,55.6,41,0,0.0,0,0.0,1,26,4.6,4.6,8.2,2.6,67.4,,1,1,4.0,4.0,10.0,,,,,,,,,,,,,,,,,,,,,,,,,,,,,,,,
63,64,Ryan Mallett\MallRy00,BAL,28,,4,0,,3,6,50.0,26,0,0.0,1,16.7,1,12,4.3,-3.2,8.7,6.5,22.2,3.4,0,0,4.33,-3.17,0.0,,,60.0,BAL,29.0,,2.0,0.0,,9.0,16.0,56.3,56.0,2.0,12.5,0.0,0.0,5.0,12.0,3.5,6.0,6.2,28.0,103.1,76.5,0.0,0.0,3.5,6.0,0.0,,
64,65,Sean Mannion\MannSe00,LAR,24,,1,0,,3,6,50.0,19,0,0.0,1,16.7,1,9,3.2,-4.3,6.3,19.0,17.4,0.3,0,0,3.17,-4.33,0.0,,,53.0,LAR,25.0,qb,5.0,1.0,0-1-0,22.0,37.0,59.5,185.0,0.0,0.0,0.0,0.0,8.0,50.0,5.0,5.0,8.4,37.0,72.5,21.2,3.0,20.0,4.13,4.13,7.5,,
65,66,David Fales\FaleDa00,CHI,26,,1,0,,2,5,40.0,22,0,0.0,0,0.0,2,12,4.4,4.4,11.0,22.0,53.7,0.9,1,5,2.83,2.83,16.7,,,50.0,MIA,27.0,,2.0,0.0,,29.0,43.0,67.4,265.0,1.0,2.3,1.0,2.3,15.0,26.0,6.2,5.6,9.1,132.5,82.0,18.4,1.0,8.0,5.84,5.27,2.3,,
66,67,Tony Romo\RomoTo00,DAL,36,,1,0,,3,4,75.0,29,1,25.0,0,0.0,3,15,7.3,12.3,9.7,29.0,134.4,98.7,0,0,7.25,12.25,0.0,,,,,,,,,,,,,,,,,,,,,,,,,,,,,,,,
67,68,Matt Schaub\SchaMa00,ATL,35,,4,0,,1,3,33.3,16,0,0.0,0,0.0,1,16,5.3,5.3,16.0,4.0,52.1,15.3,0,0,5.33,5.33,0.0,,,,,,,,,,,,,,,,,,,,,,,,,,,,,,,,
68,69,Johnny Hekker*+\HekkJo00,LAR,26,P,16,0,,1,2,50.0,4,0,0.0,0,0.0,1,4,2.0,2.0,4.0,0.3,56.2,,0,0,2.0,2.0,0.0,,,67.0,LAR,27.0,P,16.0,0.0,,2.0,3.0,66.7,34.0,0.0,0.0,0.0,0.0,1.0,8.0,11.3,11.3,17.0,2.1,104.9,,0.0,0.0,11.33,11.33,0.0,,
69,70,DeMarco Murray*\MurrDe00,TEN,28,RB,16,16,,1,2,50.0,10,1,50.0,0,0.0,1,10,5.0,15.0,10.0,0.6,104.2,92.7,0,0,5.0,15.0,0.0,,,,,,,,,,,,,,,,,,,,,,,,,,,,,,,,
70,71,Doug Baldwin*\BaldDo00,SEA,28,WR,16,15,,1,1,100.0,15,1,100.0,0,0.0,1,15,15.0,35.0,15.0,0.9,158.3,100.0,0,0,15.0,35.0,0.0,,,,,,,,,,,,,,,,,,,,,,,,,,,,,,,,
71,72,Cole Beasley\BeasCo00,DAL,27,fb/wr,16,6,,0,1,0.0,0,0,0.0,0,0.0,0,0,0.0,0.0,,0.0,39.6,0.4,0,0,0.0,0.0,0.0,,,,,,,,,,,,,,,,,,,,,,,,,,,,,,,,
72,73,Le'Veon Bell*\BellLe00,PIT,24,RB,12,12,,0,1,0.0,0,0,0.0,0,0.0,0,0,0.0,0.0,,0.0,39.6,0.6,0,0,0.0,0.0,0.0,,,,,,,,,,,,,,,,,,,,,,,,,,,,,,,,
73,74,Travis Benjamin\BenjTr00,SDG,27,WR,14,8,,0,1,0.0,0,0,0.0,0,0.0,0,0,0.0,0.0,,0.0,39.6,1.7,0,0,0.0,0.0,0.0,,,,,,,,,,,,,,,,,,,,,,,,,,,,,,,,
74,75,Dez Bryant*\BryaDe01,DAL,28,WR,13,13,,1,1,100.0,10,1,100.0,0,0.0,1,10,10.0,30.0,10.0,0.8,147.9,100.0,0,0,10.0,30.0,0.0,,,,,,,,,,,,,,,,,,,,,,,,,,,,,,,,
75,76,Kellen Clemens\ClemKe00,SDG,33,,12,0,,0,1,0.0,0,0,0.0,0,0.0,0,0,0.0,0.0,,0.0,39.6,0.1,0,0,0.0,0.0,0.0,,,63.0,LAC,34.0,,8.0,0.0,,6.0,8.0,75.0,36.0,0.0,0.0,1.0,12.5,4.0,10.0,4.5,-1.1,6.0,4.5,43.7,57.6,0.0,0.0,4.5,-1.13,0.0,,
76,77,Pharoh Cooper\CoopPh00,LAR,21,wr,10,3,,0,1,0.0,0,0,0.0,1,100.0,0,0,0.0,-45.0,,0.0,0.0,0.0,0,0,0.0,-45.0,0.0,,,,,,,,,,,,,,,,,,,,,,,,,,,,,,,,
77,78,Chase Daniel\DaniCh00,PHI,30,,1,0,,1,1,100.0,16,0,0.0,0,0.0,1,16,16.0,16.0,16.0,16.0,118.7,99.4,0,0,16.0,16.0,0.0,,,,,,,,,,,,,,,,,,,,,,,,,,,,,,,,
78,79,Riley Dixon\DixoRi00,DEN,23,P,16,0,,1,1,100.0,16,0,0.0,0,0.0,1,16,16.0,16.0,16.0,1.0,118.7,,0,0,16.0,16.0,0.0,,,,,,,,,,,,,,,,,,,,,,,,,,,,,,,,
79,80,Larry Fitzgerald*\FitzLa00,ARI,33,WR,16,16,,0,1,0.0,0,0,0.0,0,0.0,0,0,0.0,0.0,,0.0,39.6,8.9,0,0,0.0,0.0,0.0,,,77.0,ARI,34.0,WR,16.0,16.0,,1.0,1.0,100.0,21.0,0.0,0.0,0.0,0.0,1.0,21.0,21.0,21.0,21.0,1.3,118.7,99.1,0.0,0.0,21.0,21.0,0.0,,
80,81,Josh Huff\HuffJo00,2TM,25,,10,2,,0,1,0.0,0,0,0.0,0,0.0,0,0,0.0,0.0,,0.0,39.6,,0,0,0.0,0.0,0.0,,,,,,,,,,,,,,,,,,,,,,,,,,,,,,,,
81,82,Duke Johnson\JohnDu00,CLE,23,rb,16,1,,0,1,0.0,0,0,0.0,0,0.0,0,0,0.0,0.0,,0.0,39.6,0.2,0,0,0.0,0.0,0.0,,,,,,,,,,,,,,,,,,,,,,,,,,,,,,,,
82,83,Jarvis Landry*\LandJa00,MIA,24,WR,16,16,,0,1,0.0,0,0,0.0,0,0.0,0,0,0.0,0.0,,0.0,39.6,1.7,0,0,0.0,0.0,0.0,,,85.0,MIA,25.0,WR,16.0,16.0,,0.0,1.0,0.0,0.0,0.0,0.0,0.0,0.0,0.0,0.0,0.0,0.0,,0.0,39.6,2.2,0.0,0.0,0.0,0.0,0.0,,
83,84,Marqise Lee\LeexMa00,JAX,25,wr,16,6,,1,1,100.0,20,1,100.0,0,0.0,1,20,20.0,40.0,20.0,1.3,158.3,100.0,0,0,20.0,40.0,0.0,,,86.0,JAX,26.0,WR,14.0,14.0,,0.0,1.0,0.0,0.0,0.0,0.0,0.0,0.0,0.0,0.0,0.0,0.0,,0.0,39.6,8.8,0.0,0.0,0.0,0.0,0.0,,
84,85,Jeremy Maclin\MaclJe00,KAN,28,WR,12,12,,0,1,0.0,0,0,0.0,0,0.0,0,0,0.0,0.0,,0.0,39.6,6.0,0,0,0.0,0.0,0.0,,,,,,,,,,,,,,,,,,,,,,,,,,,,,,,,
85,86,Pat McAfee*\McAfPa44,IND,29,P,16,0,,1,1,100.0,35,0,0.0,0,0.0,1,35,35.0,35.0,35.0,2.2,118.7,28.3,0,0,35.0,35.0,0.0,,,,,,,,,,,,,,,,,,,,,,,,,,,,,,,,
86,87,Tanner McEvoy\McEvTa01,SEA,23,,14,0,,1,1,100.0,43,0,0.0,0,0.0,1,43,43.0,43.0,43.0,3.1,118.7,100.0,0,0,43.0,43.0,0.0,,,87.0,SEA,24.0,,15.0,0.0,,0.0,1.0,0.0,0.0,0.0,0.0,1.0,100.0,0.0,0.0,0.0,-45.0,,0.0,0.0,0.0,0.0,0.0,0.0,-45.0,0.0,,
87,88,Jerick McKinnon\McKiJe00,MIN,24,rb,15,7,,0,1,0.0,0,0,0.0,0,0.0,0,0,0.0,0.0,,0.0,39.6,38.8,0,0,0.0,0.0,0.0,,,,,,,,,,,,,,,,,,,,,,,,,,,,,,,,
88,89,Cameron Meredith\MereCa00,CHI,24,WR,14,10,,1,1,100.0,2,1,100.0,0,0.0,1,2,2.0,22.0,2.0,0.1,118.7,100.0,0,0,2.0,22.0,0.0,,,,,,,,,,,,,,,,,,,,,,,,,,,,,,,,
89,90,Antonio Morrison\MorrAn01,IND,22,mlb,16,4,,0,1,0.0,0,0,0.0,0,0.0,0,0,0.0,0.0,,0.0,39.6,,0,0,0.0,0.0,0.0,,,,,,,,,,,,,,,,,,,,,,,,,,,,,,,,
90,91,Dontari Poe\PoexDo00,KAN,26,NT,16,16,,1,1,100.0,2,1,100.0,0,0.0,1,2,2.0,22.0,2.0,0.1,118.7,100.0,0,0,2.0,22.0,0.0,,,,,,,,,,,,,,,,,,,,,,,,,,,,,,,,
91,92,Jon Ryan\RyanJo21,SEA,35,P,16,0,,0,1,0.0,0,0,0.0,0,0.0,0,0,0.0,0.0,,0.0,39.6,6.3,0,0,0.0,0.0,0.0,,,92.0,SEA,36.0,P,16.0,0.0,,1.0,1.0,100.0,-4.0,0.0,0.0,0.0,0.0,0.0,-4.0,-4.0,-4.0,-4.0,-0.3,79.2,,0.0,0.0,-4.0,-4.0,0.0,,
92,93,Willie Snead\SneaWi00,NOR,24,wr,15,4,,1,1,100.0,50,1,100.0,0,0.0,1,50,50.0,70.0,50.0,3.3,158.3,100.0,0,0,50.0,70.0,0.0,,,,,,,,,,,,,,,,,,,,,,,,,,,,,,,,
93,94,Justin Tucker*+\TuckJu00,BAL,27,K,16,0,,0,1,0.0,0,0,0.0,0,0.0,0,0,0.0,0.0,,0.0,39.6,,0,0,0.0,0.0,0.0,,,,,,,,,,,,,,,,,,,,,,,,,,,,,,,,
94,95,Tress Way\WayxTr00,WAS,26,P,16,0,,1,1,100.0,31,0,0.0,0,0.0,1,31,31.0,31.0,31.0,1.9,118.7,,0,0,31.0,31.0,0.0,,,,,,,,,,,,,,,,,,,,,,,,,,,,,,,,
95,96,Jonathan Williams\WillJo07,BUF,22,,11,0,,0,1,0.0,0,0,0.0,0,0.0,0,0,0.0,0.0,,0.0,39.6,,0,0,0.0,0.0,0.0,,,,,,,,,,,,,,,,,,,,,,,,,,,,,,,,
0,1,Tom Brady*+\BradTo00,NWE,40,QB,16,16,13-3-0,385,581,66.3,4577,32,5.5,8,1.4,230,64,7.9,8.4,11.9,286.1,102.8,73.2,35,201,7.1,7.56,5.7,2.0,2.0,,,,,,,,,,,,,,,,,,,,,,,,,,,,,,
1,2,Philip Rivers*\RivePh00,LAC,36,QB,16,16,9-7-0,360,575,62.6,4515,28,4.9,10,1.7,217,75,7.9,8.0,12.5,282.2,96.0,64.1,18,120,7.41,7.6,3.0,2.0,2.0,14.0,LAC,37.0,QB,16.0,16.0,12-4-0,347.0,508.0,68.3,4308.0,32.0,6.3,12.0,2.4,235.0,75.0,8.5,8.7,12.4,269.3,105.5,69.1,32.0,204.0,7.6,7.79,5.9,3.0,3.0
2,3,Eli Manning\MannEl00,NYG,36,QB,15,15,3-12-0,352,571,61.6,3468,19,3.3,13,2.3,172,77,6.1,5.7,9.9,231.2,80.4,45.4,31,189,5.45,5.11,5.1,0.0,1.0,8.0,NYG,37.0,QB,16.0,16.0,5-11-0,380.0,576.0,66.0,4299.0,21.0,3.6,11.0,1.9,205.0,58.0,7.5,7.3,11.3,268.7,92.4,48.7,47.0,358.0,6.33,6.21,7.5,1.0,2.0
3,4,Matthew Stafford\StafMa00,DET,29,QB,16,16,9-7-0,371,565,65.7,4446,29,5.1,10,1.8,210,71,7.9,8.1,12.0,277.9,99.3,65.3,47,287,6.8,7.01,7.7,1.0,4.0,11.0,DET,30.0,QB,16.0,16.0,6-10-0,367.0,555.0,66.1,3777.0,21.0,3.8,11.0,2.0,197.0,67.0,6.8,6.7,10.3,236.1,89.9,48.4,40.0,255.0,5.92,5.79,6.7,0.0,1.0
4,5,Ben Roethlisberger*\RoetBe00,PIT,35,QB,15,15,12-3-0,360,561,64.2,4251,28,5.0,14,2.5,203,97,7.6,7.5,11.8,283.4,93.4,66.3,21,139,7.07,6.95,3.6,3.0,4.0,,,,,,,,,,,,,,,,,,,,,,,,,,,,,,
5,6,Russell Wilson*\WilsRu00,SEA,29,QB,16,16,9-7-0,339,553,61.3,3983,34,6.1,11,2.0,189,74,7.2,7.5,11.7,248.9,95.4,61.7,43,322,6.14,6.45,7.2,2.0,2.0,20.0,SEA,30.0,QB,16.0,16.0,10-6-0,280.0,427.0,65.6,3448.0,35.0,8.2,7.0,1.6,162.0,66.0,8.1,9.0,12.3,215.5,110.9,62.8,51.0,355.0,6.47,7.28,10.7,2.0,4.0
6,7,Joe Flacco\FlacJo00,BAL,32,QB,16,16,9-7-0,352,549,64.1,3141,18,3.3,13,2.4,163,66,5.7,5.3,8.9,196.3,80.4,49.8,27,205,5.1,4.71,4.7,,,25.0,BAL,33.0,QB,9.0,9.0,4-5-0,232.0,379.0,61.2,2465.0,12.0,3.2,6.0,1.6,119.0,71.0,6.5,6.4,10.6,273.9,84.2,56.3,16.0,79.0,6.04,5.96,4.1,,
7,8,Kirk Cousins\CousKi00,WAS,29,QB,16,16,7-9-0,347,540,64.3,4093,27,5.0,13,2.4,194,74,7.6,7.5,11.8,255.8,93.9,54.2,41,342,6.46,6.38,7.1,1.0,4.0,4.0,MIN,30.0,QB,16.0,16.0,8-7-1,425.0,606.0,70.1,4298.0,30.0,5.0,10.0,1.7,218.0,75.0,7.1,7.3,10.1,268.6,99.7,58.2,40.0,262.0,6.25,6.48,6.2,1.0,0.0
8,9,Drew Brees*\BreeDr00,NOR,38,QB,16,16,11-5-0,386,536,72.0,4334,23,4.3,8,1.5,203,54,8.1,8.3,11.2,270.9,103.9,64.6,20,145,7.53,7.71,3.6,2.0,2.0,16.0,NOR,39.0,QB,15.0,15.0,13-2-0,364.0,489.0,74.4,3992.0,32.0,6.5,5.0,1.0,223.0,72.0,8.2,9.0,11.0,266.1,115.7,80.4,17.0,121.0,7.65,8.47,3.4,6.0,7.0
9,10,Matt Ryan\RyanMa00,ATL,32,QB,16,16,10-6-0,342,529,64.7,4095,20,3.8,12,2.3,199,88,7.7,7.5,12.0,255.9,91.4,68.3,24,156,7.12,6.87,4.3,2.0,3.0,3.0,ATL,33.0,QB,16.0,16.0,7-9-0,422.0,608.0,69.4,4924.0,35.0,5.8,7.0,1.2,236.0,75.0,8.1,8.7,11.7,307.8,108.1,68.5,42.0,296.0,7.12,7.71,6.5,1.0,1.0
10,11,Blake Bortles\BortBl00,JAX,25,QB,16,16,10-6-0,315,523,60.2,3687,21,4.0,13,2.5,195,75,7.0,6.7,11.7,230.4,84.7,59.2,24,123,6.52,6.21,4.4,1.0,1.0,22.0,JAX,26.0,QB,13.0,12.0,3-9-0,243.0,403.0,60.3,2718.0,13.0,3.2,11.0,2.7,126.0,80.0,6.7,6.2,11.2,209.1,79.8,41.7,31.0,173.0,5.86,5.32,7.1,0.0,1.0
11,12,Derek Carr*\CarrDe02,OAK,26,QB,15,15,6-9-0,323,515,62.7,3496,22,4.3,13,2.5,168,87,6.8,6.5,10.8,233.1,86.4,51.0,20,101,6.35,6.07,3.7,1.0,1.0,,,,,,,,,,,,,,,,,,,,,,,,,,,,,,
12,13,Alex Smith*\SmitAl03,KAN,33,QB,15,15,9-6-0,341,505,67.5,4042,26,5.1,5,1.0,182,79,8.0,8.6,11.9,269.5,104.7,67.0,35,207,7.1,7.65,6.5,1.0,3.0,,,,,,,,,,,,,,,,,,,,,,,,,,,,,,
13,14,Andy Dalton\DaltAn00,CIN,30,QB,16,16,7-9-0,297,496,59.9,3320,25,5.0,12,2.4,163,77,6.7,6.6,11.2,207.5,86.6,45.7,39,255,5.73,5.65,7.3,3.0,3.0,27.0,CIN,31.0,QB,11.0,11.0,5-6-0,226.0,365.0,61.9,2566.0,21.0,5.8,11.0,3.0,132.0,49.0,7.0,6.8,11.4,233.3,89.6,62.3,21.0,157.0,6.24,6.05,5.4,3.0,4.0
14,15,Cam Newton\NewtCa00,CAR,28,QB,16,16,11-5-0,291,492,59.1,3302,22,4.5,16,3.3,167,64,6.7,6.1,11.3,206.4,80.7,53.3,35,242,5.81,5.28,6.6,1.0,3.0,18.0,CAR,29.0,QB,14.0,14.0,6-8-0,320.0,471.0,67.9,3395.0,24.0,5.1,13.0,2.8,180.0,82.0,7.2,7.0,10.6,242.5,94.2,55.0,29.0,213.0,6.36,6.15,5.8,2.0,2.0
15,16,Dak Prescott\PresDa01,DAL,24,QB,16,16,9-7-0,308,490,62.9,3324,22,4.5,13,2.7,162,81,6.8,6.5,10.8,207.8,86.6,69.5,32,185,6.01,5.74,6.1,0.0,4.0,,,,,,,,,,,,,,,,,,,,,,,,,,,,,,
16,17,Case Keenum\KeenCa00,MIN,29,QB,15,14,11-3-0,325,481,67.6,3547,22,4.6,7,1.5,180,65,7.4,7.6,10.9,236.5,98.3,74.3,22,136,6.78,7.03,4.4,1.0,3.0,6.0,DEN,30.0,QB,16.0,16.0,6-10-0,365.0,586.0,62.3,3890.0,18.0,3.1,15.0,2.6,179.0,64.0,6.6,6.1,10.7,243.1,81.2,45.5,34.0,235.0,5.9,5.39,5.5,3.0,4.0
17,18,Jared Goff*\GoffJa00,LAR,23,QB,15,15,11-4-0,296,477,62.1,3804,28,5.9,7,1.5,177,94,8.0,8.5,12.9,253.6,100.5,52.1,25,172,7.24,7.72,5.0,1.0,1.0,10.0,LAR,24.0,QB,16.0,16.0,13-3-0,364.0,561.0,64.9,4688.0,32.0,5.7,12.0,2.1,268.0,70.0,8.4,8.5,12.9,293.0,101.1,63.1,33.0,223.0,7.52,7.69,5.6,4.0,4.0
18,19,DeShone Kizer\KizeDe00,CLE,21,QB,15,15,0-15-0,255,476,53.6,2894,11,2.3,22,4.6,131,56,6.1,4.5,11.3,192.9,60.5,29.7,38,226,5.19,3.69,7.4,,,51.0,GNB,22.0,,3.0,0.0,,20.0,42.0,47.6,187.0,0.0,0.0,2.0,4.8,8.0,29.0,4.5,2.3,9.4,62.3,40.5,25.2,4.0,38.0,3.24,1.28,8.7,,
19,20,Jacoby Brissett\BrisJa00,IND,25,QB,16,15,4-11-0,276,469,58.8,3098,13,2.8,7,1.5,146,80,6.6,6.5,11.2,193.6,81.7,41.5,52,305,5.36,5.26,10.0,0.0,1.0,63.0,IND,26.0,,4.0,0.0,,2.0,4.0,50.0,2.0,0.0,0.0,0.0,0.0,1.0,4.0,0.5,0.5,1.0,0.5,56.2,100.0,0.0,0.0,0.5,0.5,0.0,,
20,21,Marcus Mariota\MariMa01,TEN,24,QB,15,15,9-6-0,281,453,62.0,3232,13,2.9,15,3.3,149,75,7.1,6.2,11.5,215.5,79.3,58.8,27,173,6.37,5.51,5.6,3.0,4.0,28.0,TEN,25.0,QB,14.0,13.0,7-6-0,228.0,331.0,68.9,2528.0,11.0,3.3,8.0,2.4,121.0,61.0,7.6,7.2,11.1,180.6,92.3,50.6,42.0,243.0,6.13,5.75,11.3,2.0,3.0
21,22,Jameis Winston\WinsJa00,TAM,23,QB,13,13,3-10-0,282,442,63.8,3504,19,4.3,11,2.5,185,70,7.9,7.7,12.4,269.5,92.2,54.0,33,207,6.94,6.7,6.9,2.0,2.0,26.0,TAM,24.0,QB,11.0,9.0,3-6-0,244.0,378.0,64.6,2992.0,19.0,5.0,14.0,3.7,152.0,64.0,7.9,7.3,12.3,272.0,90.2,69.7,27.0,157.0,7.0,6.38,6.7,0.0,1.0
22,23,Carson Wentz*\WentCa00,PHI,25,QB,13,13,11-2-0,265,440,60.2,3296,33,7.5,7,1.6,161,72,7.5,8.3,12.4,253.5,101.9,77.2,28,162,6.7,7.43,6.0,1.0,1.0,,,,,,,,,,,,,,,,,,,,,,,,,,,,,,
23,24,Jay Cutler\CutlJa00,MIA,34,QB,14,14,6-8-0,266,429,62.0,2666,19,4.4,14,3.3,138,65,6.2,5.6,10.0,190.4,80.8,45.6,20,154,5.59,5.04,4.5,2.0,3.0,,,,,,,,,,,,,,,,,,,,,,,,,,,,,,
24,25,Tyrod Taylor\TaylTy00,BUF,28,QB,15,14,8-6-0,263,420,62.6,2799,14,3.3,4,1.0,133,47,6.7,6.9,10.6,186.6,89.2,60.0,46,256,5.46,5.67,9.9,1.0,2.0,44.0,CLE,29.0,qb,4.0,3.0,1-1-1,42.0,85.0,49.4,473.0,2.0,2.4,2.0,2.4,17.0,47.0,5.6,5.0,11.3,118.3,64.5,31.0,13.0,81.0,4.0,3.49,13.3,1.0,0.0
25,26,Josh McCown\McCoJo01,NYJ,38,QB,13,13,5-8-0,267,397,67.3,2926,18,4.5,9,2.3,137,69,7.4,7.3,11.0,225.1,94.5,60.0,39,264,6.11,6.0,8.9,1.0,2.0,40.0,NYJ,39.0,qb,4.0,3.0,0-3-0,60.0,110.0,54.5,539.0,1.0,0.9,4.0,3.6,27.0,41.0,4.9,3.4,9.0,134.8,55.8,29.3,7.0,35.0,4.31,2.94,6.0,,
26,27,Trevor Siemian\SiemTr00,DEN,26,QB,11,10,5-5-0,206,349,59.0,2285,12,3.4,14,4.0,112,44,6.5,5.4,11.1,207.7,73.3,33.1,33,220,5.41,4.38,8.6,,,,,,,,,,,,,,,,,,,,,,,,,,,,,,,,
27,28,Mitchell Trubisky\TrubMi00,CHI,23,QB,12,12,4-8-0,196,330,59.4,2193,7,2.1,7,2.1,100,70,6.6,6.1,11.2,182.8,77.5,31.6,31,196,5.53,5.05,8.6,0.0,1.0,,,,,,,,,,,,,,,,,,,,,,,,,,,,,,
28,29,Brett Hundley\HundBr00,GNB,24,QB,11,9,3-6-0,192,316,60.8,1836,9,2.8,12,3.8,90,55,5.8,4.7,9.6,166.9,70.6,44.2,29,197,4.75,3.71,8.4,2.0,2.0,,,,,,,,,,,,,,,,,,,,,,,,,,,,,,
29,30,Carson Palmer\PalmCa00,ARI,38,qb,7,7,3-4-0,164,267,61.4,1978,9,3.4,7,2.6,95,46,7.4,6.9,12.1,282.6,84.4,52.5,22,150,6.33,5.86,7.6,2.0,2.0,,,,,,,,,,,,,,,,,,,,,,,,,,,,,,
30,31,Aaron Rodgers\RodgAa00,GNB,34,qb,7,7,4-3-0,154,238,64.7,1675,16,6.7,6,2.5,86,72,7.0,7.2,10.9,239.3,97.2,64.4,22,168,5.8,5.99,8.5,2.0,2.0,,,,,,,,,,,,,,,,,,,,,,,,,,,,,,
31,32,C.J. Beathard\BeatC.00,SFO,24,qb,7,5,1-4-0,123,224,54.9,1430,4,1.8,6,2.7,67,83,6.4,5.5,11.6,204.3,69.2,32.6,19,141,5.3,4.52,7.8,,,38.0,SFO,25.0,qb,6.0,5.0,0-5-0,102.0,169.0,60.4,1252.0,8.0,4.7,7.0,4.1,60.0,82.0,7.4,6.5,12.3,208.7,81.8,37.3,18.0,156.0,5.86,5.03,9.6,,
32,33,Tom Savage\SavaTo00,HOU,27,qb,8,7,1-6-0,125,223,56.1,1412,5,2.2,6,2.7,70,57,6.3,5.6,11.3,176.5,71.4,37.2,21,159,5.14,4.44,8.6,1.0,1.0,,,,,,,,,,,,,,,,,,,,,,,,,,,,,,
33,34,Brian Hoyer\HoyeBr00,2TM,32,,11,6,0-6-0,123,211,58.3,1287,4,1.9,4,1.9,0,59,6.1,5.6,10.5,117.0,74.5,,16,112,5.18,4.74,7.0,,,73.0,NWE,33.0,,5.0,0.0,,1.0,2.0,50.0,7.0,0.0,0.0,0.0,0.0,0.0,7.0,3.5,3.5,7.0,1.4,58.3,0.3,0.0,0.0,3.5,3.5,0.0,,
34,35,Deshaun Watson\WatsDe00,HOU,22,qb,7,6,3-3-0,126,204,61.8,1699,19,9.3,8,3.9,85,72,8.3,8.4,13.5,242.7,103.0,83.6,19,116,7.1,7.19,8.5,,,,,,,,,,,,,,,,,,,,,,,,,,,,,,,,
35,36,Jimmy Garoppolo\GaroJi00,SFO,26,qb,6,5,5-0-0,120,178,67.4,1560,7,3.9,5,2.8,81,61,8.8,8.3,13.0,260.0,96.2,80.7,8,57,8.08,7.62,4.3,2.0,2.0,43.0,SFO,27.0,qb,3.0,3.0,1-2-0,53.0,89.0,59.6,718.0,5.0,5.6,3.0,3.4,35.0,56.0,8.1,7.7,13.5,239.3,90.0,25.0,13.0,97.0,6.09,5.75,12.7,,
36,37,Brock Osweiler\OsweBr00,DEN,27,qb,6,4,0-4-0,96,172,55.8,1088,5,2.9,5,2.9,53,54,6.3,5.6,11.3,181.3,72.5,50.3,10,64,5.63,4.94,5.5,,,35.0,MIA,28.0,qb,7.0,5.0,2-3-0,113.0,178.0,63.5,1247.0,6.0,3.4,4.0,2.2,58.0,75.0,7.0,6.7,11.0,178.1,86.0,32.3,17.0,130.0,5.73,5.42,8.7,1.0,1.0
37,38,Blaine Gabbert\GabbBl00,ARI,28,qb,5,5,2-3-0,95,171,55.6,1086,6,3.5,6,3.5,55,52,6.4,5.5,11.4,217.2,71.9,30.6,23,149,4.83,4.06,11.9,2.0,2.0,41.0,TEN,29.0,qb,8.0,3.0,2-1-0,61.0,101.0,60.4,626.0,4.0,4.0,4.0,4.0,32.0,35.0,6.2,5.2,10.3,78.3,74.9,29.1,5.0,37.0,5.56,4.61,4.7,2.0,2.0
38,39,Ryan Fitzpatrick\FitzRy00,TAM,35,qb,6,3,2-1-0,96,163,58.9,1103,7,4.3,3,1.8,64,41,6.8,6.8,11.5,183.8,86.0,59.7,7,34,6.29,6.32,4.1,0.0,1.0,33.0,TAM,36.0,qb,8.0,7.0,2-5-0,164.0,246.0,66.7,2366.0,17.0,6.9,12.0,4.9,113.0,75.0,9.6,8.8,14.4,295.8,100.4,62.1,14.0,76.0,8.81,8.04,5.4,,
39,40,Drew Stanton\StanDr00,ARI,33,qb,5,4,3-1-0,79,159,49.7,894,6,3.8,5,3.1,49,52,5.6,5.0,11.3,178.8,66.4,36.7,7,40,5.14,4.51,4.2,1.0,1.0,,,,,,,,,,,,,,,,,,,,,,,,,,,,,,
40,41,Mike Glennon\GlenMi00,CHI,28,qb,4,4,1-3-0,93,140,66.4,833,4,2.9,5,3.6,42,29,6.0,4.9,9.0,208.3,76.9,28.3,8,78,5.1,4.12,5.4,0.0,1.0,56.0,ARI,29.0,,2.0,0.0,,15.0,21.0,71.4,174.0,1.0,4.8,0.0,0.0,8.0,26.0,8.3,9.2,11.6,87.0,112.0,77.7,1.0,8.0,7.55,8.45,4.5,,
41,42,Matt Moore\MoorMa01,MIA,33,qb,4,2,0-2-0,78,127,61.4,861,4,3.1,5,3.9,40,61,6.8,5.6,11.0,215.3,75.6,44.3,12,95,5.51,4.47,8.6,1.0,1.0,,,,,,,,,,,,,,,,,,,,,,,,,,,,,,
42,43,Bryce Petty\PettBr01,NYJ,26,qb,4,3,0-3-0,55,112,49.1,544,1,0.9,3,2.7,25,46,4.9,3.8,9.9,136.0,55.1,27.5,8,55,4.08,3.12,6.7,,,,,,,,,,,,,,,,,,,,,,,,,,,,,,,,
43,44,Nick Foles\FoleNi00,PHI,28,qb,7,3,2-1-0,57,101,56.4,537,5,5.0,2,2.0,29,35,5.3,5.4,9.4,76.7,79.5,34.7,5,44,4.65,4.75,4.7,1.0,2.0,34.0,PHI,29.0,qb,5.0,5.0,4-1-0,141.0,195.0,72.3,1413.0,7.0,3.6,4.0,2.1,87.0,83.0,7.2,7.0,10.0,282.6,96.0,67.4,9.0,47.0,6.7,6.5,4.4,2.0,2.0
44,45,T.J. Yates\YateT.00,HOU,30,qb,4,3,0-3-0,47,97,48.5,523,4,4.1,3,3.1,27,40,5.4,4.8,11.1,130.8,65.8,33.6,13,75,4.07,3.57,11.8,,,,,,,,,,,,,,,,,,,,,,,,,,,,,,,,
45,46,Kevin Hogan\HogaKe00,CLE,25,qb,4,1,0-1-0,46,75,61.3,517,4,5.3,5,6.7,21,49,6.9,5.0,11.2,129.3,71.9,42.3,6,35,5.95,4.16,7.4,,,,,,,,,,,,,,,,,,,,,,,,,,,,,,,,
46,47,Nathan Peterman\PeteNa00,BUF,23,qb,4,2,1-1-0,24,49,49.0,252,2,4.1,5,10.2,15,21,5.1,1.4,10.5,63.0,38.4,13.8,1,5,4.94,1.24,2.0,,,45.0,BUF,24.0,qb,4.0,2.0,0-2-0,44.0,81.0,54.3,296.0,1.0,1.2,7.0,8.6,13.0,26.0,3.7,0.0,6.7,74.0,30.7,5.9,7.0,34.0,2.98,-0.38,8.0,,
47,48,Paxton Lynch\LyncPa00,DEN,23,qb,2,2,0-2-0,30,45,66.7,295,2,4.4,3,6.7,15,30,6.6,4.4,9.8,147.5,72.0,33.1,9,51,4.52,2.76,16.7,,,,,,,,,,,,,,,,,,,,,,,,,,,,,,,,
48,49,Sam Bradford\BradSa00,MIN,30,qb,2,2,2-0-0,32,43,74.4,382,3,7.0,0,0.0,17,44,8.9,10.3,11.9,191.0,124.4,75.3,5,40,7.13,8.38,10.4,,,46.0,ARI,31.0,qb,3.0,3.0,0-3-0,50.0,80.0,62.5,400.0,2.0,2.5,4.0,5.0,16.0,35.0,5.0,3.3,8.0,133.3,62.5,24.0,6.0,33.0,4.27,2.64,7.0,,
49,50,David Fales\FaleDa00,MIA,27,,2,0,,29,43,67.4,265,1,2.3,1,2.3,15,26,6.2,5.6,9.1,132.5,82.0,18.4,1,8,5.84,5.27,2.3,,,,,,,,,,,,,,,,,,,,,,,,,,,,,,,,
50,51,EJ Manuel\ManuEJ00,OAK,27,qb,2,1,0-1-0,24,43,55.8,265,1,2.3,1,2.3,13,41,6.2,5.6,11.0,132.5,72.3,48.2,4,29,5.02,4.49,8.5,,,,,,,,,,,,,,,,,,,,,,,,,,,,,,,,
51,52,Matt Cassel\CassMa00,TEN,35,qb,2,1,0-1-0,25,42,59.5,162,1,2.4,2,4.8,10,17,3.9,2.2,6.5,81.0,55.9,14.5,8,30,2.64,1.24,16.0,,,57.0,DET,36.0,,2.0,0.0,,7.0,17.0,41.2,59.0,0.0,0.0,1.0,5.9,2.0,11.0,3.5,0.8,8.4,29.5,26.3,8.8,1.0,13.0,2.56,0.06,5.6,,
52,53,Sean Mannion\MannSe00,LAR,25,qb,5,1,0-1-0,22,37,59.5,185,0,0.0,0,0.0,8,50,5.0,5.0,8.4,37.0,72.5,21.2,3,20,4.13,4.13,7.5,,,69.0,LAR,26.0,,3.0,0.0,,2.0,3.0,66.7,23.0,0.0,0.0,0.0,0.0,1.0,18.0,7.7,7.7,11.5,7.7,89.6,7.1,0.0,0.0,7.67,7.67,0.0,,
53,54,Geno Smith\SmitGe00,NYG,27,qb,2,1,0-1-0,21,36,58.3,212,1,2.8,0,0.0,8,47,5.9,6.4,10.1,106.0,84.5,42.0,3,12,5.13,5.64,7.7,,,65.0,LAC,28.0,,5.0,0.0,,1.0,4.0,25.0,8.0,0.0,0.0,0.0,0.0,0.0,8.0,2.0,2.0,8.0,1.6,39.6,0.7,1.0,16.0,-1.6,-1.6,20.0,,
54,55,Patrick Mahomes\MahoPa00,KAN,22,qb,1,1,1-0-0,22,35,62.9,284,0,0.0,1,2.9,15,51,8.1,6.8,12.9,284.0,76.4,61.8,2,15,7.27,6.05,5.4,0.0,1.0,,,,,,,,,,,,,,,,,,,,,,,,,,,,,,
55,56,Landry Jones\JoneLa02,PIT,28,qb,3,1,1-0-0,23,28,82.1,239,1,3.6,1,3.6,9,46,8.5,7.6,10.4,79.7,99.3,70.3,3,15,7.23,6.42,9.7,,,,,,,,,,,,,,,,,,,,,,,,,,,,,,,,
56,57,Cody Kessler\KessCo00,CLE,24,,3,0,,11,23,47.8,126,0,0.0,1,4.3,6,31,5.5,3.5,11.5,42.0,46.6,5.3,6,48,2.69,1.14,20.7,,,39.0,JAX,25.0,qb,5.0,4.0,2-2-0,85.0,131.0,64.9,709.0,2.0,1.5,2.0,1.5,35.0,35.0,5.4,5.0,8.3,141.8,77.4,26.3,22.0,149.0,3.66,3.33,14.4,,
57,58,Nate Sudfeld\SudfNa00,PHI,24,,1,0,,19,23,82.6,134,0,0.0,0,0.0,5,16,5.8,5.8,7.1,134.0,90.9,39.4,3,24,4.23,4.23,11.5,,,76.0,PHI,25.0,,2.0,0.0,,1.0,2.0,50.0,22.0,1.0,50.0,0.0,0.0,1.0,22.0,11.0,21.0,22.0,11.0,129.2,30.1,0.0,0.0,11.0,21.0,0.0,0.0,0.0
58,59,Scott Tolzien\TolzSc00,IND,30,qb,1,1,0-1-0,9,18,50.0,128,0,0.0,2,11.1,5,32,7.1,2.1,14.2,128.0,33.8,7.3,4,29,4.5,0.41,18.2,,,,,,,,,,,,,,,,,,,,,,,,,,,,,,,,
59,60,Ryan Mallett\MallRy00,BAL,29,,2,0,,9,16,56.3,56,2,12.5,0,0.0,5,12,3.5,6.0,6.2,28.0,103.1,76.5,0,0,3.5,6.0,0.0,,,,,,,,,,,,,,,,,,,,,,,,,,,,,,,,
60,61,A.J. McCarron\McCaA.00,CIN,27,,3,0,,7,14,50.0,66,0,0.0,0,0.0,4,27,4.7,4.7,9.4,22.0,63.4,,1,9,3.8,3.8,6.7,,,70.0,OAK,28.0,,2.0,0.0,,1.0,3.0,33.3,8.0,0.0,0.0,0.0,0.0,0.0,8.0,2.7,2.7,8.0,4.0,42.4,,1.0,7.0,0.25,0.25,25.0,,
61,62,Derek Anderson\AndeDe00,CAR,34,,3,0,,2,8,25.0,17,0,0.0,0,0.0,1,9,2.1,2.1,8.5,5.7,39.6,0.2,0,0,2.13,2.13,0.0,,,48.0,BUF,35.0,qb,2.0,2.0,0-2-0,42.0,70.0,60.0,465.0,0.0,0.0,4.0,5.7,22.0,40.0,6.6,4.1,11.1,232.5,56.0,25.0,5.0,33.0,5.76,3.36,6.7,,
62,63,Kellen Clemens\ClemKe00,LAC,34,,8,0,,6,8,75.0,36,0,0.0,1,12.5,4,10,4.5,-1.1,6.0,4.5,43.7,57.6,0,0,4.5,-1.13,0.0,,,,,,,,,,,,,,,,,,,,,,,,,,,,,,,,
63,64,Joe Callahan\CallJo00,GNB,24,,1,0,,5,7,71.4,11,0,0.0,0,0.0,1,9,1.6,1.6,2.2,11.0,74.1,38.6,0,0,1.57,1.57,0.0,,,,,,,,,,,,,,,,,,,,,,,,,,,,,,,,
64,65,Joe Webb\WebbJo00,BUF,31,,16,0,,2,7,28.6,35,0,0.0,1,14.3,1,34,5.0,-1.4,17.5,2.2,8.3,67.6,0,0,5.0,-1.43,0.0,0.0,1.0,,,,,,,,,,,,,,,,,,,,,,,,,,,,,,
65,66,Jake Rudock\RudoJa00,DET,24,,3,0,,3,5,60.0,24,0,0.0,1,20.0,1,13,4.8,-4.2,8.0,8.0,32.5,3.0,0,0,4.8,-4.2,0.0,,,,,,,,,,,,,,,,,,,,,,,,,,,,,,,,
66,67,Johnny Hekker*+\HekkJo00,LAR,27,P,16,0,,2,3,66.7,34,0,0.0,0,0.0,1,8,11.3,11.3,17.0,2.1,104.9,,0,0,11.33,11.33,0.0,,,,,,,,,,,,,,,,,,,,,,,,,,,,,,,,
67,68,Cooper Rush\RushCo00,DAL,24,,2,0,,1,3,33.3,2,0,0.0,0,0.0,0,2,0.7,0.7,2.0,1.0,42.4,1.0,0,0,0.67,0.67,0.0,,,,,,,,,,,,,,,,,,,,,,,,,,,,,,,,
68,69,Teddy Bridgewater\BridTe00,MIN,25,,1,0,,0,2,0.0,0,0,0.0,1,50.0,0,0,0.0,-22.5,,0.0,0.0,0.0,0,0,0.0,-22.5,0.0,,,55.0,NOR,26.0,qb,5.0,1.0,0-1-0,14.0,23.0,60.9,118.0,1.0,4.3,1.0,4.3,8.0,18.0,5.1,4.0,8.4,23.6,70.6,39.8,2.0,8.0,4.4,3.4,8.0,,
69,70,Tarik Cohen\CoheTa00,CHI,22,rb/wr,16,4,,1,2,50.0,21,1,50.0,0,0.0,1,21,10.5,20.5,21.0,1.3,127.1,99.9,0,0,10.5,20.5,0.0,,,,,,,,,,,,,,,,,,,,,,,,,,,,,,,,
70,71,Chad Henne\HennCh01,JAX,32,,2,0,,0,2,0.0,0,0,0.0,0,0.0,0,0,0.0,0.0,,0.0,39.6,2.4,0,0,0.0,0.0,0.0,,,67.0,KAN,33.0,,1.0,0.0,,2.0,3.0,66.7,29.0,0.0,0.0,0.0,0.0,2.0,22.0,9.7,9.7,14.5,29.0,97.9,80.7,0.0,0.0,9.67,9.67,0.0,,
71,72,Sam Koch\KochSa20,BAL,35,P,16,0,,2,2,100.0,38,0,0.0,0,0.0,2,22,19.0,19.0,19.0,2.4,118.7,,0,0,19.0,19.0,0.0,,,95.0,BAL,36.0,P,16.0,0.0,,1.0,1.0,100.0,21.0,0.0,0.0,0.0,0.0,1.0,21.0,21.0,21.0,21.0,1.3,118.7,11.8,0.0,0.0,21.0,21.0,0.0,,
72,73,Tyler Bray\BrayTy00,KAN,26,,1,0,,0,1,0.0,0,0,0.0,0,0.0,0,0,0.0,0.0,,0.0,39.6,0.0,0,0,0.0,0.0,0.0,,,,,,,,,,,,,,,,,,,,,,,,,,,,,,,,
73,74,Randall Cobb\CobbRa00,GNB,27,WR,15,14,,1,1,100.0,10,0,0.0,0,0.0,1,10,10.0,10.0,10.0,0.7,108.3,26.0,0,0,10.0,10.0,0.0,,,,,,,,,,,,,,,,,,,,,,,,,,,,,,,,
74,75,Eric Decker\DeckEr00,TEN,30,WR,16,8,,0,1,0.0,0,0,0.0,0,0.0,0,0,0.0,0.0,,0.0,39.6,0.5,0,0,0.0,0.0,0.0,,,,,,,,,,,,,,,,,,,,,,,,,,,,,,,,
75,76,Lac Edwards\EdwaLa01,NYJ,25,P,16,0,,1,1,100.0,31,0,0.0,0,0.0,1,31,31.0,31.0,31.0,1.9,118.7,,0,0,31.0,31.0,0.0,,,,,,,,,,,,,,,,,,,,,,,,,,,,,,,,
76,77,Larry Fitzgerald*\FitzLa00,ARI,34,WR,16,16,,1,1,100.0,21,0,0.0,0,0.0,1,21,21.0,21.0,21.0,1.3,118.7,99.1,0,0,21.0,21.0,0.0,,,,,,,,,,,,,,,,,,,,,,,,,,,,,,,,
77,78,Robert Golden\GoldRo00,PIT,27,fs,16,2,,1,1,100.0,44,0,0.0,0,0.0,1,44,44.0,44.0,44.0,2.8,118.7,,0,0,44.0,44.0,0.0,,,,,,,,,,,,,,,,,,,,,,,,,,,,,,,,
78,79,MarQueis Gray\GrayMa00,MIA,28,,16,0,,0,1,0.0,0,0,0.0,0,0.0,0,0,0.0,0.0,,0.0,39.6,3.9,0,0,0.0,0.0,0.0,,,,,,,,,,,,,,,,,,,,,,,,,,,,,,,,
79,80,Matt Haack\HaacMa00,MIA,23,P/WR,16,0,,0,1,0.0,0,0,0.0,1,100.0,0,0,0.0,-45.0,,0.0,0.0,,0,0,0.0,-45.0,0.0,,,,,,,,,,,,,,,,,,,,,,,,,,,,,,,,
80,81,Taylor Heinicke\HeinTa00,HOU,24,,1,0,,1,1,100.0,10,0,0.0,0,0.0,1,10,10.0,10.0,10.0,10.0,108.3,1.3,1,16,-3.0,-3.0,50.0,,,49.0,CAR,25.0,qb,6.0,1.0,0-1-0,35.0,57.0,61.4,320.0,1.0,1.8,3.0,5.3,19.0,33.0,5.6,3.6,9.1,53.3,60.6,24.6,2.0,17.0,5.14,3.19,3.4,,
81,82,Tyreek Hill*\HillTy00,KAN,23,WR,15,13,,0,1,0.0,0,0,0.0,1,100.0,0,0,0.0,-45.0,,0.0,0.0,0.0,0,0,0.0,-45.0,0.0,,,,,,,,,,,,,,,,,,,,,,,,,,,,,,,,
82,83,Travis Kelce*\KelcTr00,KAN,28,TE,15,15,,0,1,0.0,0,0,0.0,1,100.0,0,0,0.0,-45.0,,0.0,0.0,1.8,0,0,0.0,-45.0,0.0,,,,,,,,,,,,,,,,,,,,,,,,,,,,,,,,
83,84,Cooper Kupp\KuppCo00,LAR,24,wr,15,6,,0,1,0.0,0,0,0.0,0,0.0,0,0,0.0,0.0,,0.0,39.6,2.1,0,0,0.0,0.0,0.0,,,,,,,,,,,,,,,,,,,,,,,,,,,,,,,,
84,85,Jarvis Landry*\LandJa00,MIA,25,WR,16,16,,0,1,0.0,0,0,0.0,0,0.0,0,0,0.0,0.0,,0.0,39.6,2.2,0,0,0.0,0.0,0.0,,,74.0,CLE,26.0,WR,16.0,14.0,,1.0,2.0,50.0,63.0,0.0,0.0,0.0,0.0,1.0,63.0,31.5,31.5,63.0,3.9,95.8,100.0,0.0,0.0,31.5,31.5,0.0,,
85,86,Marqise Lee\LeexMa00,JAX,26,WR,14,14,,0,1,0.0,0,0,0.0,0,0.0,0,0,0.0,0.0,,0.0,39.6,8.8,0,0,0.0,0.0,0.0,,,,,,,,,,,,,,,,,,,,,,,,,,,,,,,,
86,87,Tanner McEvoy\McEvTa01,SEA,24,,15,0,,0,1,0.0,0,0,0.0,1,100.0,0,0,0.0,-45.0,,0.0,0.0,0.0,0,0,0.0,-45.0,0.0,,,,,,,,,,,,,,,,,,,,,,,,,,,,,,,,
87,88,Brad Nortman\NortBr00,JAX,28,P,16,0,,1,1,100.0,29,0,0.0,0,0.0,1,29,29.0,29.0,29.0,1.8,118.7,,0,0,29.0,29.0,0.0,,,,,,,,,,,,,,,,,,,,,,,,,,,,,,,,
88,89,Pat O'Donnell\ODonPa00,CHI,26,P,16,0,,1,1,100.0,38,1,100.0,0,0.0,1,38,38.0,58.0,38.0,2.4,158.3,,0,0,38.0,58.0,0.0,,,,,,,,,,,,,,,,,,,,,,,,,,,,,,,,
89,90,Michael Palardy\PalaMi00,CAR,25,P,16,0,,0,1,0.0,0,0,0.0,0,0.0,0,0,0.0,0.0,,0.0,39.6,0.0,0,0,0.0,0.0,0.0,,,,,,,,,,,,,,,,,,,,,,,,,,,,,,,,
90,91,Ryan Quigley\QuigRy00,MIN,27,P,16,0,,0,1,0.0,0,0,0.0,0,0.0,0,0,0.0,0.0,,0.0,39.6,,0,0,0.0,0.0,0.0,,,,,,,,,,,,,,,,,,,,,,,,,,,,,,,,
91,92,Jon Ryan\RyanJo21,SEA,36,P,16,0,,1,1,100.0,-4,0,0.0,0,0.0,0,-4,-4.0,-4.0,-4.0,-0.3,79.2,,0,0,-4.0,-4.0,0.0,,,,,,,,,,,,,,,,,,,,,,,,,,,,,,,,
92,93,Mohamed Sanu\SanuMo00,ATL,28,WR,15,15,,1,1,100.0,51,1,100.0,0,0.0,1,51,51.0,71.0,51.0,3.4,158.3,96.8,0,0,51.0,71.0,0.0,,,75.0,ATL,29.0,WR,16.0,16.0,,1.0,2.0,50.0,5.0,1.0,50.0,0.0,0.0,1.0,5.0,2.5,12.5,5.0,0.3,95.8,32.3,0.0,0.0,2.5,12.5,0.0,,
93,94,Shane Vereen\VereSh00,NYG,28,,16,0,,0,1,0.0,0,0,0.0,1,100.0,0,0,0.0,-45.0,,0.0,0.0,0.0,0,0,0.0,-45.0,0.0,,,,,,,,,,,,,,,,,,,,,,,,,,,,,,,,
