Rk_x,Player,Predicted Rushing Yards,Predicted Rushing Touchdowns,Predicted Rushing Fumbles,Tm,Age,Pos,G,GS,Att,Yds,TD,1D,Lng,Y/A,Y/G,Fmb,Rk_y,FantPt,FanPosRank,FanOvRank
1,Derrick Henry,982.5619012,8.793362613,3.969442153,TEN,25,RB,15,15,303,1540,16,73,74,5.1,102.7,5,3,277,2,3
2,Ezekiel Elliott,844.97864,6.802576115,2.777666398,DAL,24,RB,16,16,301,1357,12,78,33,4.5,84.8,3,5,258,4,5
3,Nick Chubb,923.2194801,5.821034275,2.484224181,CLE,24,RB,16,16,298,1494,8,62,88,5,93.4,3,9,219,6,9
4,Christian McCaffrey,871.2656875,7.932775406,3.581058013,CAR,23,RB,16,16,287,1387,15,57,84,4.8,86.7,1,1,355,1,1
5,Chris Carson,784.8471844,5.092593195,3.397213406,SEA,25,RB,15,15,278,1230,7,75,59,4.4,82,7,18,196,9,18
6,Joe Mixon,707.7356563,4.02093324,0.956726775,CIN,23,RB,16,15,278,1137,5,56,41,4.1,71.1,0,23,190,11,23
7,Leonard Fournette,735.6895419,3.619072228,1.422469525,JAX,24,RB,15,15,265,1152,3,55,81,4.3,76.8,1,29,183,13,29
8,Dalvin Cook,752.5166684,7.085907316,3.295715705,MIN,24,RB,14,14,250,1135,13,60,75,4.5,81.1,4,6,239,5,6
9,Marlon Mack,718.0168031,5.308944549,1.120239869,IND,23,RB,14,12,247,1091,8,67,63,4.4,77.9,0,42,167,17,42
10,Sony Michel,568.8086032,4.163980497,0.985405489,NWE,24,RB,16,14,247,912,7,55,26,3.7,57,2,75,141,24,75
11,Le'Veon Bell,510.0705054,2.714836333,0.713348074,NYJ,27,RB,15,15,245,789,3,36,19,3.2,52.6,1,63,149,21,63
12,Carlos Hyde,662.9608283,4.222985759,1.842489147,HOU,29,RB,16,14,245,1070,6,55,58,4.4,66.9,4,72,143,23,72
13,Josh Jacobs,782.1189069,5.408009622,1.753826701,OAK,21,RB,13,13,242,1150,7,53,51,4.8,88.5,1,36,172,14,36
14,David Montgomery,555.5232316,3.799671498,1.060007156,CHI,22,RB,16,8,242,889,6,50,55,3.7,55.6,2,66,145,22,66
15,Aaron Jones,682.0769858,7.583711781,3.21166749,GNB,25,RB,16,16,236,1084,16,55,56,4.6,67.8,3,4,266,3,4
16,Phillip Lindsay,629.1612883,4.460270552,1.013488635,DEN,25,RB,16,16,224,1011,7,38,40,4.5,63.2,0,49,163,19,49
17,Todd Gurley,554.5768817,5.866226285,2.140001043,LAR,25,RB,15,15,223,857,12,51,25,3.8,57.1,3,24,188,12,24
18,Saquon Barkley,687.1771866,4.715087666,2.040971082,NYG,22,RB,13,13,217,1003,6,45,68,4.6,77.2,1,21,192,10,21
19,Adrian Peterson,574.3920219,3.697113802,1.582020503,WAS,34,RB,15,15,211,898,5,41,32,4.3,59.9,3,99,130,28,
20,Mark Ingram,655.2426198,5.689337837,2.634970257,BAL,30,RB,15,15,202,1018,10,53,53,5,67.9,2,11,217,8,11
21,Devonta Freeman,439.7828223,2.295851873,1.715940235,ATL,27,RB,14,14,184,656,2,31,28,3.6,46.9,3,96,139,26,
22,Miles Sanders,513.6492224,2.798715313,1.926502857,PHI,22,RB,16,11,179,818,3,30,65,4.6,51.1,2,38,169,15,38
23,Lamar Jackson,786.2845126,5.35902428,7.831490176,BAL,22,QB,15,15,176,1206,7,71,47,6.9,80.4,9,2,416,1,2
24,Ronald Jones,455.0880772,3.543631017,1.757104836,TAM,22,RB,16,9,172,724,6,34,49,4.2,45.3,3,98,135,27,
25,Alvin Kamara,530.4544983,3.688060455,2.725550891,NOR,24,RB,14,9,171,797,5,32,40,4.7,56.9,4,41,168,16,41
26,Kenyan Drake,543.0098895,4.715338843,2.101662712,2TM,25,,14,10,170,817,8,48,80,4.8,58.4,2,47,164,18,47
27,Frank Gore,375.8333381,1.931769156,0.067145338,BUF,36,RB,16,8,166,599,2,30,41,3.6,37.4,0,150,82,46,
28,Melvin Gordon,441.6605721,4.443505924,2.331792411,LAC,26,RB,12,11,162,612,8,39,24,3.8,51,4,97,139,25,
29,Peyton Barber,301.039592,2.958759261,0.579768563,TAM,25,rb,16,7,154,470,6,23,17,3.1,29.4,1,125,101,39,
30,Devin Singletary,550.2063704,3.028761952,2.462585179,BUF,22,RB,12,8,151,775,2,37,38,5.1,64.6,4,107,119,31,
31,Latavius Murray,401.3304329,3.054608648,0.843357194,NOR,29,RB,16,8,146,637,5,38,30,4.4,39.8,0,104,123,30,
32,Tevin Coleman,365.7222299,3.363440457,0.80388716,SFO,26,RB,14,11,137,544,6,26,48,4,38.9,0,110,114,32,
33,Raheem Mostert,483.5026516,4.377227373,2.07560104,SFO,27,,16,0,137,772,8,31,41,5.6,48.3,2,61,151,20,61
34,Gus Edwards,441.1901737,2.258755879,1.212107286,BAL,24,rb,16,1,133,711,2,46,63,5.3,44.4,2,139,86,43,
35,Austin Ekeler,361.9109356,2.30355109,3.004012623,LAC,24,RB,16,8,132,557,3,32,35,4.2,34.8,3,10,217,7,10
36,Royce Freeman,315.4585523,2.090001929,0.506970171,DEN,23,,16,0,132,496,3,22,26,3.8,31,0,131,99,40,
37,Matt Breida,425.9645788,2.096168613,1.359887975,SFO,24,rb,13,5,123,623,1,23,83,5.1,47.9,2,147,84,45,
38,Jordan Howard,414.242345,3.921691579,1.096071515,PHI,25,rb,10,4,119,525,6,28,20,4.4,52.5,0,126,101,38,
39,James Conner,369.6135513,3.055729377,1.451853491,PIT,24,RB,10,10,116,464,4,26,25,4,46.4,1,111,112,33,
40,Kerryon Johnson,362.79962,2.878540107,1.092001477,DET,22,rb,8,7,113,403,3,22,20,3.6,50.4,1,160,75,47,
41,Damien Williams,375.8497455,3.340067171,1.468834006,KAN,27,rb,11,6,111,498,5,22,91,4.5,45.3,1,113,111,34,
42,Josh Allen,339.6015558,4.21935031,7.472852788,BUF,23,QB,16,16,109,510,9,42,36,4.7,31.9,14,44,289,6,44
43,Benny Snell,295.1702647,1.86350575,0.537779725,PIT,21,rb,13,2,108,426,2,19,23,3.9,32.8,1,203,55,59,
44,DeAndre Washington,249.2407615,1.87404509,0.453801612,OAK,26,rb,16,3,108,387,3,23,36,3.6,24.2,0,140,86,42,
45,Jamaal Williams,311.2152437,1.57193117,0.905028935,GNB,24,rb,14,2,107,460,1,23,45,4.3,32.9,0,118,107,36,
46,LeSean McCoy,323.191229,2.655230852,1.741309024,KAN,31,RB,13,9,101,465,4,24,39,4.6,35.8,3,134,91,41,
47,Alexander Mattison,318.006898,1.655747812,0.712530167,MIN,21,,13,0,100,462,1,19,35,4.6,35.5,1,190,58,55,
48,David Johnson,246.1976361,1.682760661,1.205488507,ARI,28,RB,13,9,94,345,2,20,18,3.7,26.5,1,119,106,37,
49,Kyler Murray,358.1308474,2.702942524,4.869452257,ARI,22,QB,16,16,93,544,4,27,35,5.8,34,5,50,285,8,50
50,Bo Scarbrough,401.9229626,2.741985367,1.167778811,DET,23,rb,6,5,89,377,1,15,30,4.2,62.8,1,244,42,69,
51,Tony Pollard,294.4965356,1.807941495,0.956922525,DAL,22,,15,0,86,455,2,21,44,5.3,30.3,1,164,74,48,
52,Duke Johnson,263.3394044,1.658442181,1.352076007,HOU,26,rb,16,2,83,410,2,17,40,4.9,25.6,1,116,110,35,
53,Deshaun Watson,290.7016003,3.476517259,6.831821729,HOU,24,QB,15,15,82,413,7,29,30,5,27.5,10,17,320,4,17
54,Brian Hill,235.5518212,1.699762275,0.448776824,ATL,24,rb,12,2,78,323,2,19,27,4.1,26.9,0,194,57,57,
55,Russell Wilson,242.5007453,1.971595505,6.283565976,SEA,31,QB,16,16,75,342,3,17,21,4.6,21.4,8,14,329,3,14
56,Kalen Ballage,108.0207995,1.443801606,-0.063119483,MIA,24,rb,12,6,74,135,3,10,8,1.8,11.3,0,253,38,75,
57,Malcolm Brown,176.7475689,2.356437312,0.368054561,LAR,26,rb,14,1,69,255,5,16,17,3.7,18.2,0,192,57,58,
58,Gardner Minshew,247.0278974,1.07749651,6.691112902,JAX,23,QB,14,12,67,344,0,20,21,5.1,24.6,13,86,229,19,
59,James White,182.5683092,1.079814448,1.584672,NWE,27,rb,15,1,67,263,1,15,32,3.9,17.5,1,101,128,29,
60,Jaylen Samuels,127.1279315,0.860928065,0.59187823,PIT,23,rb,14,4,66,175,1,9,13,2.7,12.5,1,195,57,56,
61,Rex Burkhead,213.8781074,1.911581938,1.032152947,NWE,29,rb,13,1,65,302,3,18,33,4.6,23.2,1,162,74,49,
62,Rashaad Penny,292.40587,2.430746966,1.218660006,SEA,23,,10,0,65,370,3,16,58,5.7,37,1,178,67,53,
63,Tarik Cohen,145.0691799,0.581785986,1.598030434,CHI,24,RB,16,11,64,213,0,15,19,3.3,13.3,3,141,85,44,
64,Ty Johnson,175.6558947,0.689165543,0.447564545,DET,22,rb,16,1,63,273,0,11,40,4.3,17.1,1,262,36,78,
65,Patrick Laird,118.2773802,0.812073659,0.147943311,MIA,24,rb,15,4,62,168,1,9,18,2.7,11.2,0,233,45,67,
66,Carson Wentz,179.2805024,1.090168897,8.072955458,PHI,27,QB,16,16,62,243,1,21,19,3.9,15.2,16,60,276,10,60
67,Boston Scott,191.4556214,2.540044542,1.962721026,PHI,24,rb,11,2,61,245,5,17,25,4,22.3,4,165,73,51,
68,Chase Edmonds,213.7299246,2.24154929,0.741008331,ARI,23,rb,13,2,60,303,4,12,37,5.1,23.3,0,169,71,52,
69,Bilal Powell,162.4259882,0.717271217,0.06501734,NYJ,31,rb,13,1,59,229,0,12,17,3.9,17.6,0,299,26,83,
70,Jameis Winston,185.5024547,1.125840382,7.254321256,TAM,25,QB,16,16,59,250,1,18,26,4.2,15.6,12,30,305,5,30
71,Justice Hill,147.9077041,1.239385836,0.209018998,BAL,22,,16,0,58,225,2,10,18,3.9,14.1,0,241,42,71,
72,Jacoby Brissett,168.7175712,2.035886973,4.624557018,IND,27,QB,15,15,56,228,4,20,24,4.1,15.2,7,89,217,23,
73,Ryan Fitzpatrick,179.5845122,2.088326294,5.583813566,MIA,37,QB,15,13,54,243,4,16,20,4.5,16.2,9,83,241,17,
74,Dion Lewis,138.222774,0.5620018,0.52430524,TEN,29,rb,16,1,54,209,0,6,17,3.9,13.1,1,247,41,72,
75,Giovani Bernard,115.2003633,0.474564918,0.75319345,CIN,28,rb,16,2,53,170,0,10,25,3.2,10.6,2,254,38,74,
76,Mark Walton,199.3564573,1.166031226,0.668032634,MIA,22,rb,7,4,53,201,0,11,19,3.8,28.7,1,292,27,82,
77,Nyheim Hines,134.9569414,1.207228411,0.950831562,IND,23,rb,16,2,52,199,2,16,18,3.8,12.4,1,163,74,50,
78,Dak Prescott,203.2594458,1.859517758,5.940584686,DAL,26,QB,16,16,52,277,3,19,42,5.3,17.3,6,12,338,2,12
79,Jordan Wilkins,205.9870797,1.533690826,0.500719136,IND,25,rb,14,1,51,307,2,12,55,6,21.9,0,230,47,64,
80,Mike Boone,174.9667161,1.67984569,0.425538221,MIN,24,rb,16,2,49,273,3,9,59,5.6,17.1,0,225,47,65,
81,Jonathan Williams,199.5029846,1.388065946,0.452585487,IND,25,rb,9,1,49,235,1,13,48,4.8,26.1,0,267,35,79,
82,Mitchell Trubisky,146.1471436,1.310427965,3.86990101,CHI,25,QB,15,15,48,193,2,12,23,4,12.9,5,92,203,25,
83,Jimmy Garoppolo,71.53127422,0.703958594,5.803848088,SFO,28,QB,16,16,46,62,1,13,11,1.3,3.9,10,80,247,14,
84,Aaron Rodgers,143.1341963,0.977994933,4.508148087,GNB,36,QB,16,16,46,183,1,9,17,4,11.4,4,56,278,9,56
85,Daniel Jones,209.4067531,1.629697127,8.211650231,NYG,22,QB,13,12,45,279,2,21,26,6.2,21.5,18,90,215,24,
86,Kareem Hunt,168.4120242,1.606373962,1.116294332,CLE,24,rb,8,3,43,179,2,8,16,4.2,22.4,1,184,64,54,
87,Patrick Mahomes,171.8964905,1.462346583,4.430874518,KAN,24,QB,14,14,43,218,2,15,25,5.1,15.6,3,48,287,7,48
88,Ryan Tannehill,155.3136469,2.074623881,4.545301429,TEN,31,QB,12,10,43,185,4,14,25,4.3,15.4,6,88,224,22,
89,Derrius Guice,298.3031428,2.616223651,1.173031199,WAS,22,rb,5,1,42,245,2,9,60,5.8,49,0,218,50,62,
90,Darrel Williams,111.4209644,1.525107398,0.78535127,KAN,24,,12,0,41,141,3,12,41,3.4,11.8,1,211,53,60,
91,Darrell Henderson,107.7716482,0.513371715,0.044110186,LAR,22,,13,0,39,147,0,10,22,3.8,11.3,0,341,18,94,
92,Jalen Richard,100.62244,0.446291117,0.982412421,OAK,26,,16,0,39,145,0,10,13,3.7,9.1,2,229,47,66,
93,J.D. McKissic,134.4939029,0.571302219,0.491510961,DET,26,rb,16,3,38,205,0,8,44,5.4,12.8,0,221,50,63,
94,Chris Thompson,112.8454521,0.586509734,0.827941226,WAS,29,,11,0,37,138,0,7,16,3.7,12.5,1,214,52,61,
95,Darwin Thompson,99.64741937,0.825048157,0.116408047,KAN,23,,12,0,37,128,1,9,12,3.5,10.7,0,319,23,89,
96,Myles Gaskin,135.7396111,1.149059503,0.305201385,MIA,22,,7,0,36,133,1,7,27,3.7,19,0,310,24,86,
97,Ryquell Armstead,78.36545102,0.367887282,0.237311305,JAX,23,rb,16,1,35,108,0,5,16,3.1,6.8,0,257,37,76,
98,Matt Ryan,122.8930381,0.932044332,5.993468865,ATL,34,QB,15,15,34,147,1,10,12,4.3,9.8,9,69,267,11,69
99,Sam Darnold,69.386151,1.048927291,5.524903771,NYJ,22,QB,13,13,33,62,2,6,24,1.9,4.8,11,93,189,27,
100,Jared Goff,58.44809097,1.004212887,5.922951629,LAR,25,QB,16,16,33,40,2,5,8,1.2,2.5,10,79,248,13,
101,Kyle Allen,95.63360777,1.157372082,6.063746824,CAR,23,QB,13,12,32,106,2,9,17,3.3,8.2,13,94,177,28,
102,Andy Dalton,77.17836356,1.732129829,4.809397216,CIN,32,QB,13,13,32,73,4,12,17,2.3,5.6,8,91,203,26,
103,Ty Montgomery,73.2835475,0.346908213,0.03132281,NYJ,26,rb,16,2,32,103,0,2,15,3.2,6.4,0,338,19,92,
104,Kirk Cousins,71.9603121,0.738241319,5.926675733,MIN,31,QB,15,15,31,63,1,8,14,2,4.2,10,82,244,15,
105,Jon Hilliman,167.7486599,1.278486845,0.964406212,NYG,24,rb,3,1,30,91,0,6,10,3,30.3,2,439,5,121,
106,Wayne Gallman,95.63901755,1.182580869,0.689822575,NYG,25,rb,10,2,29,110,2,6,22,3.8,11,1,258,37,77,
107,Justin Jackson,194.1969378,1.170821142,0.54378825,LAC,24,,7,0,29,200,0,9,40,6.9,28.6,0,322,22,90,
108,Teddy Bridgewater,45.30382932,0.310457616,1.222680236,NOR,27,qb,9,5,28,31,0,4,11,1.1,3.4,1,136,90,32,
109,Baker Mayfield,112.4387983,1.521020188,4.632126039,CLE,24,QB,16,16,28,141,3,15,18,5,8.8,6,85,229,20,
110,Derek Carr,80.88108385,1.092062732,5.066054192,OAK,28,QB,16,16,27,82,2,7,15,3,5.1,7,81,244,16,
111,Taysom Hill,107.7700555,0.816877292,0.965112532,NOR,29,qb,16,5,27,156,1,10,30,5.8,9.8,0,149,83,35,
112,Jeff Wilson,92.35019245,1.817259676,0.482919436,SFO,24,,10,0,27,105,4,9,25,3.9,10.5,0,237,44,68,
113,Tom Brady,56.03155692,1.33611798,4.351001857,NWE,42,QB,16,16,26,34,3,8,17,1.3,2.1,4,76,264,12,76
114,Marcus Mariota,135.1016564,0.842590974,2.113213429,TEN,26,qb,7,6,24,129,0,5,15,5.4,18.4,3,144,85,33,
115,Kerrith Whyte,134.6567433,0.877690686,0.315217909,PIT,23,,6,0,24,122,0,5,21,5.1,20.3,0,374,13,101,
116,Ameer Abdullah,78.83072734,0.376718243,0.510554139,MIN,26,,16,0,23,115,0,4,15,5,7.2,1,309,24,87,
117,C.J. Prosise,69.54841272,0.754561042,0.462917168,SEA,25,,9,0,23,72,1,4,17,3.1,8,1,339,19,93,
118,Jeff Driskel,271.0134822,2.377937424,1.80136107,DET,26,qb,3,3,22,151,1,10,23,6.9,50.3,1,193,57,38,
119,Trey Edmunds,76.15698803,0.430851898,0.110983961,PIT,25,,11,0,22,92,0,2,45,4.2,8.4,0,363,14,100,
120,Qadree Ollison,56.99437767,1.678371379,0.579250215,ATL,23,,8,0,22,50,4,6,6,2.3,6.3,1,281,30,81,
121,Wendell Smallwood,60.65731607,0.321274954,0.06380121,WAS,25,,15,0,22,81,0,4,17,3.7,5.4,0,360,15,98,
122,Ito Smith,109.0150541,1.01405397,0.384717633,ATL,24,,7,0,22,106,1,10,28,4.8,15.1,0,307,25,85,
123,Devlin Hodges,72.97266967,0.473006861,2.127253192,PIT,23,qb,8,6,21,68,0,5,22,3.2,8.5,5,216,51,41,
124,Mason Rudolph,52.89895734,0.35654022,2.472641996,PIT,24,QB,10,8,21,42,0,6,13,2,4.2,4,117,109,30,
125,Robert Griffin,76.42116219,0.508682,0.189045221,BAL,29,qb,7,1,20,70,0,5,16,3.5,10,0,355,16,52,
126,Dwayne Haskins,95.28988273,0.570030173,2.828924509,WAS,22,qb,9,7,20,101,0,7,23,5.1,11.2,6,155,77,36,
127,Matthew Stafford,81.5850103,0.535665675,3.609383643,DET,31,QB,8,8,20,66,0,5,12,3.3,8.3,5,95,167,29,
128,Curtis Samuel,93.67867151,0.775885096,1.459116809,CAR,23,WR,16,15,19,130,1,7,16,6.8,8.1,0,109,118,36,
129,Tra Carson,94.16285277,0.753000509,0.215021617,2TM,27,,3,1,18,48,0,3,12,2.7,16,0,416,7,117,
130,Travis Homer,75.79478257,0.362030692,0.164526523,SEA,21,rb,16,1,18,114,0,6,29,6.3,7.1,0,345,17,95,
131,Drew Lock,99.37886367,0.709218387,1.879061993,DEN,23,qb,5,5,18,72,0,5,12,4,14.4,3,177,68,37,
132,Cordarrelle Patterson,70.10773093,0.344538978,0.262660935,CHI,28,wr,16,4,17,103,0,4,46,6.1,6.4,0,306,25,125,
133,Darren Sproles,78.27402564,0.545996374,0.483045248,PHI,36,rb,6,1,17,66,0,3,17,3.9,11,1,382,11,103,
134,Spencer Ware,98.96212131,0.79015575,0.551966087,KAN,28,rb,3,1,17,51,0,3,6,3,17,1,424,7,114,
135,Robert Woods,89.12957612,0.77980708,1.789854983,LAR,27,WR,15,15,17,115,1,5,20,6.8,7.7,0,59,143,22,59
136,T.J. Yeldon,75.95927057,0.532841337,0.54939506,BUF,26,,6,0,17,63,0,5,12,3.7,10.5,1,353,17,96,
137,C.J. Anderson,115.1024302,0.970371852,0.307347825,DET,28,,2,0,16,43,0,1,9,2.7,21.5,0,450,4,127,
138,Reggie Bonnafon,76.55896974,0.687596555,0.265521405,CAR,23,,16,0,16,116,1,2,59,7.3,7.3,0,315,23,88,
139,Brandon Bolden,53.85963615,1.277445453,0.461667911,NWE,29,rb,15,2,15,68,3,5,21,4.5,4.5,0,240,42,70,
140,Elijhaa Penny,34.42681069,0.229256055,-0.050991932,NYG,26,rb,16,1,15,39,0,2,6,2.6,2.4,0,444,5,126,
141,Deebo Samuel,109.293897,1.476576409,2.352103405,SFO,23,WR,15,11,14,159,3,5,31,11.4,10.6,2,70,132,26,70
142,Mike Davis,30.57502254,0.23678693,-0.032321551,2TM,26,,12,1,13,27,0,0,8,2.1,2.3,0,437,5,123,
143,Dontrell Hilliard,42.72499835,0.919599233,0.872094456,CLE,24,,14,0,13,49,2,3,11,3.8,3.5,2,297,26,84,
144,Joe Flacco,36.61266162,0.300359501,3.452932295,DEN,34,QB,8,8,12,20,0,4,9,1.7,2.5,8,142,85,34,
145,Marshawn Lynch,164.4115926,1.792286512,0.661898434,SEA,33,,1,0,12,34,1,2,15,2.8,34,0,403,9,108,
146,Paul Perkins,51.60264828,0.429439441,0.065131532,DET,25,,4,0,12,29,0,3,13,2.4,7.3,0,456,4,128,
147,Philip Rivers,49.20430294,0.353954522,5.360026577,LAC,38,QB,16,16,12,29,0,2,12,2.4,1.8,8,84,236,18,
148,Dalyn Dawkins,74.23085838,0.653546575,0.176562467,TEN,25,,2,0,11,26,0,2,14,2.4,13,0,462,3,131,
149,Dare Ogunbowale,26.04289693,0.870597031,1.022950255,TAM,25,,16,0,11,17,2,3,12,1.5,1.1,2,251,40,73,
150,Jay Ajayi,62.33000139,0.530467129,0.126990993,PHI,26,,3,0,10,30,0,3,11,3,10,0,457,3,130,
151,Brandon Allen,79.37918912,0.653120343,0.568566037,DEN,27,qb,3,3,10,39,0,4,11,3.9,13,0,270,33,45,
152,Javorius Allen,37.65741331,0.600652034,0.100972138,NYG,28,,10,0,10,36,1,3,19,3.6,3.6,0,380,11,104,
153,Ryan Finley,139.601691,1.091520156,1.946955568,CIN,25,qb,3,3,10,77,0,4,24,7.7,25.7,4,304,25,47,
154,Wes Hills,107.2013032,1.625578956,0.486588617,DET,24,rb,1,1,10,21,2,3,15,2.1,21,0,365,14,99,
155,Alec Ingold,23.31268102,0.206478968,0.063773567,OAK,23,fb,16,4,10,17,0,7,4,1.7,1.1,0,379,12,102,
156,Christian Kirk,72.58265512,0.392487259,1.305145787,ARI,23,WR,13,13,10,93,0,4,28,9.3,7.2,0,130,100,46,
157,Troymaine Pope,24.75520584,0.211049717,0.312794915,LAC,26,,14,0,10,20,0,0,8,2,1.4,1,419,7,113,
158,Tyrod Taylor,19.83225183,0.208867576,-0.016554098,LAC,30,,8,0,10,7,0,1,9,0.7,0.9,0,433,6,56,
159,Drew Brees,31.44498107,0.630344636,2.754011354,NOR,40,QB,11,11,9,-4,1,2,2,-0.4,-0.4,0,87,225,21,
160,Taiwan Jones,37.46288742,0.264871046,0.034971754,HOU,31,,11,0,9,40,0,3,11,4.4,3.6,0,441,5,124,
161,Case Keenum,30.58514737,0.596163906,3.073691228,WAS,31,QB,10,8,9,12,1,2,9,1.3,1.2,6,121,103,31,
162,Devine Ozigbo,31.09048243,0.24905819,0.017000229,JAX,23,,10,0,9,27,0,1,9,3,2.7,0,443,5,122,
163,Steven Sims,59.70578435,0.628253126,1.278846042,WAS,22,wr,16,2,9,85,1,2,65,9.4,5.3,1,159,76,61,
164,Josh Adams,32.97424241,0.32034743,0.00240338,NYJ,23,,3,0,8,12,0,1,10,1.5,4,0,499,1,139,
165,David Blough,50.20326092,0.404887937,1.027259871,DET,24,qb,5,5,8,31,0,1,9,3.9,6.2,1,205,54,40,
166,Tony Brooks-James,24.96445559,0.262281462,-0.031542834,PIT,25,,3,0,8,7,0,0,8,0.9,2.3,0,501,1,147,
167,Julian Edelman,39.76052039,0.29735219,2.848365113,NWE,33,WR,16,13,8,27,0,2,9,3.4,1.7,3,40,156,13,40
168,Tyreek Hill,37.57632978,0.296458876,1.601650652,KAN,25,WR,12,12,8,23,0,1,5,2.9,1.9,0,73,130,28,73
169,Brian Hoyer,18.30585017,0.21230863,0.800245757,IND,34,qb,4,1,8,2,0,0,6,0.3,0.5,2,329,21,48,
170,Isaiah McKenzie,39.83666392,0.250578887,0.433707147,BUF,24,WR,15,8,8,49,0,4,16,6.1,3.3,0,263,36,100,
171,Dwayne Washington,41.30137902,0.233388472,0.074743699,NOR,25,,16,0,8,60,0,2,31,7.5,3.8,0,425,7,116,
172,Will Grier,63.47327097,0.573718477,0.459158017,CAR,24,qb,2,2,7,22,0,2,11,3.1,11,1,507,1,60,
173,C.J. Ham,23.21352148,0.209028335,0.515917882,MIN,26,fb,16,7,7,17,0,2,9,2.4,1.1,1,328,21,91,
174,Brett Hundley,78.03092624,0.643464913,0.270041752,ARI,26,,3,0,7,41,0,3,14,5.9,13.7,0,428,6,55,
175,Zach Line,24.76587966,0.216550155,0.030421418,NOR,29,fb,12,2,7,20,0,5,5,2.9,1.7,0,431,6,119,
176,Derek Watt,19.06056601,0.520128007,0.059345549,LAC,27,fb,16,2,7,10,1,6,3,1.4,0.6,0,394,10,106,
177,Alex Armah,19.12855889,0.519582644,0.04623133,CAR,25,fb,16,1,6,11,1,1,4,1.8,0.7,0,405,8,112,
178,Tavon Austin,37.22471401,0.557789608,0.737569038,DAL,29,,14,0,6,47,1,2,20,7.8,3.4,1,268,34,103,
179,Brandin Cooks,42.73335344,0.258857417,0.97125499,LAR,26,WR,14,14,6,52,0,3,27,8.7,3.7,0,156,76,62,
180,Chase Daniel,25.4573941,0.26872666,0.301192175,CHI,33,qb,3,1,6,6,0,2,4,1,2,0,293,26,46,
181,Sean Mannion,6.229604163,0.132968713,0.190448775,MIN,27,qb,3,1,6,-5,0,0,0,-0.8,-1.7,1,613,-1,72,
182,D.J. Moore,43.06064932,0.288202325,2.429690207,CAR,22,WR,15,15,6,40,0,3,13,6.7,2.7,2,58,144,21,58
183,Sterling Shepard,60.6763284,0.355326311,1.155645243,NYG,26,WR,10,10,6,72,0,3,23,12,7.2,0,146,85,54,
184,Tim Boyle,3.907260892,0.12069783,-0.105118801,GNB,25,,3,0,5,-7,0,0,0,-1.4,-2.3,0,541,,68,
185,Stefon Diggs,49.433578,0.27224709,3.144876183,MIN,26,WR,15,15,5,61,0,3,27,12.2,4.1,4,52,149,18,52
186,Alex Erickson,30.27076813,0.21385579,1.883595586,CIN,27,wr,16,6,5,33,0,2,17,6.6,2.1,4,207,53,82,
187,N'Keal Harry,49.71983266,0.34534563,0.424089922,NWE,22,wr,7,5,5,49,0,4,18,9.8,7,0,290,27,117,
188,Buddy Howell,17.49837352,0.187574729,-0.034488222,HOU,23,,16,0,5,10,0,1,4,2,0.6,0,513,1,141,
189,George Kittle,34.7776701,0.275667483,2.035082126,SFO,26,TE,14,14,5,22,0,1,18,4.4,1.6,1,16,138,3,16
190,A.J. McCarron,100.0474962,1.178152617,0.546471116,HOU,29,qb,2,1,5,39,1,3,18,7.8,19.5,0,347,17,50,
191,Matt Moore,16.86736173,0.211288906,1.084437703,KAN,35,qb,6,2,5,-1,0,0,3,-0.2,-0.2,2,243,42,42,
192,Cam Newton,11.24268564,0.167833469,0.750404713,CAR,30,qb,2,2,5,-2,0,0,3,-0.4,-1,2,348,17,51,
193,Samaje Perine,25.16929214,0.237965198,0.012180324,2TM,24,,7,0,5,16,0,1,9,3.2,2.3,0,493,2,137,
194,Josh Reynolds,25.45599226,0.206925727,0.490379748,LAR,24,wr,16,2,5,23,0,2,12,4.6,1.4,0,248,41,93,
195,Keith Smith,17.00247099,0.189788932,-0.023762726,ATL,27,fb,16,5,5,8,0,4,3,1.6,0.5,0,495,2,134,
196,Dede Westbrook,31.87633965,0.241490635,1.441126194,JAX,26,WR,15,11,5,27,0,0,8,5.4,1.8,1,135,91,50,
197,Dexter Williams,26.74325793,0.27066968,0.009442173,GNB,22,,4,0,5,11,0,0,5,2.2,2.8,0,536,1,140,
198,Albert Wilson,36.4890573,0.2311902,0.595924966,MIA,27,wr,13,4,5,45,0,1,28,9,3.5,0,232,46,89,
199,Kenjon Barner,23.75683121,0.180314893,1.33214975,ATL,29,,14,0,4,28,0,1,12,7,2,4,396,9,110,
200,Tyler Boyd,32.05334165,0.247823377,2.284452903,CIN,25,WR,16,15,4,23,0,1,10,5.8,1.4,2,68,133,25,68
201,Parris Campbell,36.92503498,0.279394619,1.223361149,IND,22,wr,7,3,4,34,0,1,22,8.5,4.9,3,331,20,139,
202,Trevor Davis,38.89189648,0.479356266,1.229351658,3TM,26,,14,4,4,73,1,2,60,18.3,5.2,3,333,20,137,
203,Nick Foles,41.97919187,0.362551209,1.16369215,JAX,30,qb,4,4,4,23,0,2,13,5.8,5.8,2,256,38,43,
204,Russell Gage,22.06287504,0.213245198,0.909875829,ATL,23,wr,16,4,4,12,0,0,6,3,0.8,1,217,50,84,
205,Jakeem Grant,18.57675425,0.534606876,0.917914184,MIA,27,wr,10,2,4,5,1,1,7,1.3,0.5,2,289,27,118,
206,Ryan Griffin,17.6902849,0.216424577,0.755387107,TAM,30,,2,0,4,-1,0,0,0,-0.3,-0.5,0,183,64,20,
206,Ryan Griffin,12.12238249,0.178638556,-0.04611981,TAM,30,,2,0,4,-1,0,0,0,-0.3,-0.5,0,508,1,62,
207,Mecole Hardman,27.23708804,0.233412946,1.782291446,KAN,21,wr,16,5,4,17,0,1,9,4.3,1.1,2,132,94,49,
208,Damien Harris,39.38543119,0.386782233,0.083674537,NWE,22,,2,0,4,12,0,0,13,3,6,0,509,1,138,
209,Deonte Harris,24.67424423,0.17768582,1.042223254,NOR,22,wr,14,1,4,31,0,2,10,7.8,2.2,3,388,10,154,
210,Andy Isabella,20.77080298,0.195621672,0.301891032,ARI,23,wr,15,1,4,15,0,0,6,3.8,1,0,298,26,119,
211,D'Ernest Johnson,20.63781001,0.176444529,0.091601896,CLE,23,,16,0,4,21,0,0,13,5.3,1.3,0,402,9,109,
212,Diontae Johnson,34.84792961,0.215194345,2.859394809,PIT,23,WR,16,12,4,41,0,2,17,10.3,2.6,5,120,104,40,
213,Tyler Lockett,26.30870723,0.291401811,2.198310829,SEA,27,WR,16,16,4,-5,0,0,3,-1.3,-0.3,1,45,153,15,45
214,Eli Manning,26.41636382,0.271219127,1.594018519,NYG,38,qb,4,4,4,7,0,1,6,1.8,1.8,3,206,54,39,
215,Jordan Scarlett,18.44108103,0.201315413,-0.016167268,CAR,23,,9,0,4,9,0,0,6,2.3,1,0,524,1,142,
216,Anthony Sherman,16.95221315,0.186905264,0.001290051,KAN,31,,16,0,4,9,0,3,5,2.3,0.6,0,474,3,129,
217,Jonnu Smith,42.22574218,0.157670104,0.939550249,TEN,24,TE,16,14,4,78,0,2,57,19.5,4.9,0,172,70,17,
218,Adam Thielen,24.11472454,0.569938229,1.031798945,MIN,29,WR,10,10,4,6,1,1,3,1.5,0.6,0,148,84,56,
219,De'Lance Turner,17.61204741,0.204544264,-0.020160941,MIA,24,,8,0,4,6,0,0,5,1.5,0.8,0,534,1,148,
220,Keenan Allen,30.85946983,0.256372808,1.991572468,LAC,27,WR,16,16,3,16,0,1,18,5.3,1,0,37,158,11,37
221,Odell Beckham,26.97282632,0.24975424,1.895835331,CLE,27,WR,16,15,3,10,0,1,11,3.3,0.6,1,102,127,31,
222,A.J. Brown,39.29078602,0.490512124,2.443182703,TEN,22,WR,16,11,3,60,1,2,49,20,3.8,1,34,165,9,34
223,Randall Cobb,24.83133412,0.231945805,1.860971703,DAL,29,wr,15,6,3,11,0,0,7,3.7,0.7,2,129,100,47,
224,Patrick DiMarco,15.61709811,0.182568586,0.033074652,BUF,30,fb,16,4,3,7,0,0,4,2.3,0.4,0,438,5,125,
225,Phillip Dorsett,24.86598849,0.200857401,0.907436094,NWE,26,wr,14,4,3,21,0,1,9,7,1.5,0,167,72,65,
226,Evan Engram,23.00189567,0.238067404,0.806398754,NYG,25,te,8,6,3,7,0,0,5,2.3,0.9,0,180,65,19,
227,Noah Fant,18.0533514,0.262215241,1.155429032,DEN,22,TE,16,11,3,-12,0,0,-2,-4,-0.8,1,170,71,16,
228,Josh Ferguson,32.12074036,0.330514458,0.064055604,WAS,26,,2,0,3,9,0,1,7,3,4.5,0,504,1,144,
229,Taylor Gabriel,26.85252043,0.225714464,0.781468295,CHI,28,wr,9,7,3,20,0,1,14,6.7,2.2,0,188,61,74,
230,Garrett Gilbert,11.83311008,0.18605946,-0.050505369,CLE,28,,5,0,3,-3,0,0,-1,-1,-0.6,0,563,,70,
231,Ted Ginn,22.04566369,0.189443376,0.695891438,NOR,34,WR,16,9,3,18,0,2,12,6,1.1,0,198,56,78,
232,Kyle Juszczyk,18.74777594,0.20596767,0.367848957,SFO,28,FB/rb,12,12,3,7,0,1,6,2.3,0.6,0,278,31,80,
233,John Kelly,22.95979359,0.244661081,0.02012521,LAR,23,,4,0,3,9,0,0,6,3,2.3,0,516,1,143,
234,T.J. Logan,16.75821424,0.182586828,0.002895,TAM,25,,12,0,3,10,0,0,6,3.3,0.8,0,488,2,132,
235,David Moore,23.24897479,0.177241347,1.157763975,SEA,24,wr,14,1,3,25,0,1,19,8.3,1.8,2,238,43,90,
236,Nick Mullens,1.839349963,0.092401231,-0.098429436,SFO,24,,1,0,3,-3,0,0,-1,-1,-3,0,585,,69,
237,Senorise Perry,15.06202544,0.193597037,-0.032533844,BUF,28,,11,0,3,3,0,0,6,1,0.3,0,590,,151,
238,Josh Rosen,23.74260576,0.233025115,0.541050518,MIA,22,qb,6,3,3,13,0,0,6,4.3,2.2,1,343,18,49,
239,John Ross,21.77240013,0.237449385,1.130498573,CIN,25,WR,8,8,3,4,0,0,5,1.3,0.5,1,179,67,70,
240,Mohamed Sanu,21.738055,0.210953571,0.802405081,2TM,30,,15,12,3,11,0,1,8,3.7,0.7,0,181,65,71,
241,Matt Schaub,15.16603706,0.209754564,0.677970924,ATL,38,qb,6,1,3,-3,0,0,-1,-1,-0.5,1,272,33,44,
242,Vyncint Smith,29.10339706,0.455785236,0.755106217,NYJ,23,wr,13,4,3,52,1,3,20,17.3,4,1,274,32,107,
243,Diontae Spencer,15.39581857,0.184906891,0.914835157,DEN,27,wr,16,2,3,6,0,0,9,2,0.4,3,496,2,199,
244,Courtland Sutton,30.39718629,0.249960157,2.505075648,DEN,24,WR,16,14,3,17,0,1,9,5.7,1.1,2,51,150,17,51
245,Zach Zenner,12.79882355,0.19092623,-0.021067033,3TM,28,,5,0,3,-2,0,0,1,-0.7,-0.4,0,498,2,136,
246,Nelson Agholor,19.3353259,0.206080408,1.296803535,PHI,26,WR,11,10,2,7,0,1,16,3.5,0.6,2,199,55,79,
247,Matt Barkley,7.472125943,0.151084909,0.928134027,BUF,29,,2,0,2,-4,0,0,0,-2,-2,3,426,6,57,
248,Jordan Berry,14.38575478,0.233606892,0.881752577,PIT,28,P,16,0,2,-8,0,0,0,-4,-0.5,3,,,,
249,Devontae Booker,14.49421195,0.163498929,0.072846597,DEN,27,,16,0,2,9,0,0,5,4.5,0.6,0,415,7,118,
250,Blake Bortles,4.186659888,0.142342523,-0.100818159,LAR,27,,3,0,2,-9,0,0,1,-4.5,-3,0,612,-1,71,
251,John Brown,27.13820375,0.257957346,1.864698576,BUF,29,WR,15,15,2,7,0,0,4,3.5,0.5,0,53,148,19,53
252,DJ Chark,27.01848728,0.202526807,1.944284925,JAX,23,WR,15,14,2,20,0,1,20,10,1.3,0,46,153,16,46
253,Keke Coutee,19.28212786,0.505854777,0.704793427,HOU,22,wr,9,4,2,14,1,2,10,7,1.6,1,277,31,108,
254,James Develin,19.41992394,0.235798705,0.001761798,NWE,31,fb,2,2,2,3,0,1,2,1.5,1.5,0,551,,153,
255,Robert Foster,15.34445156,0.089216013,0.130240639,BUF,25,wr,13,2,2,29,0,1,22,14.5,2.2,0,400,9,156,
256,Mike Glennon,14.42569538,0.200349618,0.942626085,OAK,30,,2,0,2,0,0,0,0,0,0,3,452,4,59,
257,DeAndre Hopkins,28.26153604,0.219613847,2.094956073,HOU,27,WR,15,15,2,18,0,2,12,9,1.2,0,35,165,10,35
258,Richie James,15.72281046,0.212939707,0.530901561,SFO,24,wr,16,1,2,-1,0,0,0,-0.5,-0.1,1,335,20,138,
259,Julio Jones,29.6041139,0.315795017,2.500866188,ATL,30,WR,15,15,2,-3,0,0,1,-1.5,-0.2,1,27,175,5,27
260,Marvin Jones,25.73825901,0.277121217,1.651157083,DET,29,WR,13,11,2,0,0,0,4,0,0,0,71,132,27,71
261,Cooper Kupp,29.76674699,0.288234253,3.149580033,LAR,26,WR,16,14,2,4,0,0,6,2,0.3,3,26,177,4,26
262,Anthony Levine,11.74605756,-0.077410875,0.049685865,BAL,32,,16,0,2,62,0,2,60,31,3.9,0,,,,
263,Josh McCown,11.84461306,0.18502543,-0.029446265,PHI,40,,3,0,2,-2,0,0,-1,-1,-0.7,0,519,1,61,
264,Colt McCoy,68.53031122,0.650144384,0.915540641,WAS,33,qb,1,1,2,14,0,1,9,7,14,2,453,4,58,
265,D.K. Metcalf,25.09400324,0.226782156,2.54689544,SEA,22,WR,16,15,2,11,0,0,7,5.5,0.7,3,100,129,30,
266,Scott Miller,18.41808705,0.166846079,0.35998393,TAM,22,wr,10,2,2,16,0,1,18,8,1.6,0,287,28,116,
267,Ryan Nall,15.92901351,0.18240603,0.004499949,CHI,24,,8,0,2,8,0,1,7,4,1,0,520,1,146,
268,Zach Pascal,21.75268765,0.183016878,1.187676827,IND,25,WR,16,13,2,16,0,1,12,8,1,0,133,94,48,
269,Breshad Perriman,22.87612955,0.191717529,1.291452319,TAM,26,wr,14,4,2,16,0,1,13,8,1.1,0,124,102,43,
270,Calvin Ridley,26.56024719,0.14531766,1.728519486,ATL,25,WR,13,10,2,34,0,2,19,17,2.6,0,65,134,23,65
271,Willie Snead,19.54596366,0.226446602,0.788035341,BAL,27,WR,16,11,2,2,0,0,2,1,0.1,0,185,64,72,
272,Jarrett Stidham,11.57947485,0.183226095,-0.067613261,NWE,23,,3,0,2,-2,0,0,-1,-1,-0.7,0,618,-2,73,
273,De'Anthony Thomas,14.32892737,0.179679666,0.912446434,2TM,26,,14,0,2,5,0,1,4,2.5,0.4,3,530,1,208,
274,Marquez Valdes-Scantling,19.00156152,0.194087613,0.72168553,GNB,25,WR,16,10,2,9,0,0,9,4.5,0.6,0,191,58,76,
275,Darren Waller,25.40184314,0.253748395,1.951067759,OAK,27,TE,16,16,2,5,0,0,7,2.5,0.3,1,19,131,4,19
276,Sammy Watkins,21.91543034,0.202500263,1.709908668,KAN,26,WR,14,13,2,12,0,1,11,6,0.9,2,138,87,52,
277,Jamal Agnew,8.541128851,0.103406945,0.302763218,DET,24,,13,0,1,9,0,1,9,9,0.7,1,,,,
278,Geronimo Allison,12.79233007,0.143874828,1.125030823,GNB,25,wr,16,6,1,7,0,0,7,7,0.4,2,245,41,92,
279,Robby Anderson,21.28940077,0.222733479,1.694232396,NYJ,26,WR,16,15,1,4,0,0,4,4,0.3,1,114,110,38,
280,Bryan Anger,17.09871531,0.253570065,-0.02584448,HOU,31,P,14,0,1,-5,0,0,-5,-5,-0.4,0,,,,
281,Andrew Beck,13.50376302,0.176244039,0.189693849,DEN,23,fb,16,6,1,3,0,1,3,3,0.2,0,354,16,97,
282,Antonio Brown,31.26089994,0.333577126,0.234652655,NWE,31,,1,0,1,5,0,1,5,5,5,0,376,12,148,
283,Derek Carrier,-2.419007592,-0.093831555,0.270535719,OAK,29,te,16,4,1,27,0,1,27,27,1.7,0,332,20,56,
284,Keelan Cole,14.96807456,0.16606385,0.68985847,JAX,26,wr,16,1,1,6,0,0,6,6,0.4,0,201,55,80,
285,Amari Cooper,24.95494714,0.233838777,2.127481989,DAL,25,WR,16,16,1,6,0,0,6,6,0.4,0,32,168,7,32
286,Pharoh Cooper,15.76788692,0.19903284,0.38052883,2TM,24,,13,1,1,2,0,0,2,2,0.2,0,276,31,109,
287,Jamison Crowder,22.1731948,0.22873126,1.514813216,NYJ,26,WR,16,12,1,4,0,0,4,4,0.3,0,106,120,34,
288,Will Dissly,17.00737747,0.181092018,0.961586332,SEA,23,te,6,6,1,7,0,0,7,7,1.2,1,215,51,30,
289,Tyler Ervin,9.028674826,0.102521651,0.640840891,2TM,26,,10,0,1,10,0,1,10,10,1,2,485,2,133,
290,Gerald Everett,18.75628614,0.232007364,0.656426462,LAR,25,te,13,2,1,0,0,0,0,0,0,0,208,53,28,
291,Isaiah Ford,11.87697435,0.118733901,0.340879203,MIA,23,,8,0,1,11,0,1,11,11,1.4,0,295,26,123,
292,Bennie Fowler,7.74641391,0.035732093,0.324677404,NYG,28,wr,8,2,1,20,0,1,20,20,2.5,0,317,23,130,
293,John Franklin,49.64252971,0.478372365,0.214517169,TAM,25,,1,0,1,11,0,1,11,11,11,0,505,1,207,
294,Chris Godwin,25.85524167,0.22725449,2.411366965,TAM,23,WR,14,14,1,8,0,0,8,8,0.6,0,15,190,2,15
295,Marquise Goodwin,9.372462978,0.075272664,0.346869711,SFO,29,wr,9,6,1,15,0,1,15,15,1.7,0,296,26,120,
296,Josh Gordon,17.70398355,0.218518993,0.582089306,2TM,28,,11,7,1,1,0,0,1,1,0.1,0,226,47,88,
297,Matt Haack,12.61171874,0.176537292,-0.015860299,MIA,25,P,16,0,1,2,0,1,2,2,0.1,0,,,,
298,Marvin Hall,13.75092153,0.154686308,0.41795451,DET,26,,9,0,1,7,0,0,7,7,0.8,0,271,33,104,
299,Erik Harris,11.56766639,0.156757886,-0.011866627,OAK,29,S,16,14,1,4,0,1,4,4,0.3,0,,,,
300,Johnny Holton,8.38986039,0.101303853,0.032290878,PIT,28,wr,16,3,1,9,0,1,9,9,0.6,0,464,3,182,
301,Adam Humphries,17.96912176,0.220318327,0.926898802,TEN,26,wr,12,3,1,1,0,0,1,1,0.1,1,220,50,85,
302,Andy Janovich,14.43394562,0.519744436,0.111363021,DEN,26,fb,7,3,1,1,1,1,1,1,0.1,0,389,10,105,
303,Alshon Jeffery,20.01009828,0.551239423,0.991200767,PHI,29,WR,10,10,1,2,1,1,2,2,0.2,0,154,79,59,
304,KeeSean Johnson,14.71558433,0.185544468,0.612834174,ARI,23,wr,10,4,1,3,0,0,3,3,0.3,1,305,25,124,
305,Olabisi Johnson,14.34941874,0.161865404,0.600802146,MIN,22,wr,16,6,1,6,0,0,6,6,0.4,0,224,48,87,
306,Colin Jones,10.62923355,0.142965757,-0.011866627,CAR,32,,16,0,1,5,0,1,5,5,0.3,0,,,,
307,Zay Jones,14.03403944,0.179842708,0.266027842,2TM,24,,15,9,1,3,0,0,3,3,0.2,0,323,22,134,
308,Travis Kelce,25.44323273,0.574340284,2.292182001,KAN,30,TE,16,16,1,4,1,1,4,4,0.3,1,8,157,1,8
309,Brett Kern,14.07217776,0.200219124,-0.017857135,TEN,33,P,16,0,1,0,0,0,0,0,0,0,,,,
310,Dawson Knox,12.72045116,0.130692981,0.655685147,BUF,23,TE,15,11,1,9,0,1,9,9,0.6,0,213,52,29,
311,Jarvis Landry,20.79671746,0.17807822,1.953363013,CLE,27,WR,16,16,1,10,0,1,10,10,0.6,0,43,154,14,43
312,Allen Lazard,5.78817416,0.002100865,0.873220312,GNB,24,wr,16,3,1,21,0,1,21,21,1.3,0,176,68,68,
313,Marqise Lee,14.14331707,0.195431404,0.011581201,JAX,28,wr,6,1,1,1,0,0,1,1,0.2,0,487,2,193,
314,Vance McDonald,16.6771713,0.204127085,0.876009474,PIT,29,TE,14,14,1,2,0,0,2,2,0.1,1,231,46,35,
315,Trace McSorley,17.29781163,0.225451257,0.002111226,BAL,24,,1,0,1,1,0,1,1,1,1,0,581,,64,
316,Anthony Miller,21.3110386,0.255691964,1.253685763,CHI,25,wr,16,7,1,-1,0,0,-1,-1,-0.1,1,158,76,63,
317,Chris Moore,14.24893657,0.20141868,0.007587529,BAL,26,wr,14,1,1,0,0,0,0,0,0,0,490,2,190,
318,Alfred Morris,26.97471324,0.301147656,0.062016309,ARI,31,,1,0,1,4,0,1,4,4,4,0,584,,152,
319,Quenton Nelson,14.07217776,0.200219124,-0.017857135,IND,23,G,16,16,1,0,0,0,0,0,0,0,,,,
320,Kalif Raymond,18.12186944,0.258360553,0.543973321,TEN,25,wr,8,1,1,-5,0,0,-5,-5,-0.6,1,330,21,136,
321,Paul Richardson,17.34221569,0.222410914,0.45286915,WAS,27,wr,10,6,1,0,0,0,0,0,0,0,260,37,99,
322,Andre Roberts,9.85031941,0.124985686,0.336936542,BUF,31,,13,0,1,7,0,0,7,7,0.5,1,470,3,187,
323,Allen Robinson,26.48728507,0.270702456,1.981545828,CHI,26,WR,16,15,1,2,0,0,2,2,0.1,0,39,157,12,39
324,Ben Roethlisberger,23.22631359,0.248056253,0.524064945,PIT,37,qb,2,2,1,7,0,0,7,7,3.5,1,373,13,53,
325,Chester Rogers,6.077868711,0.028490536,1.007050368,IND,25,wr,12,6,1,18,0,1,18,18,1.5,2,282,30,111,
326,Da'Mari Scott,13.80921846,0.172082075,0.040278222,NYG,24,wr,5,2,1,5,0,0,5,5,1,0,472,3,185,
327,Nick Scott,10.10720737,0.133076054,-0.009869791,LAR,24,,16,0,1,6,0,0,6,6,0.4,0,,,,
328,Golden Tate,14.40643085,0.099858597,1.629138105,NYG,31,WR,11,10,1,16,0,1,16,16,1.5,1,122,103,41,
329,Michael Thomas,39.99337851,0.436483583,3.152051385,NOR,26,WR,16,15,1,-9,0,0,-9,-9,-0.6,1,7,226,1,7
330,Danny Vitale,12.9734866,0.17264537,0.113359857,GNB,26,fb,15,4,1,3,0,0,3,3,0.2,0,393,10,107,
331,Greg Ward,15.12300114,0.177768362,0.403235342,PHI,24,wr,7,3,1,5,0,0,5,5,0.7,0,275,32,106,
332,Trevon Wesco,13.05361576,0.179536183,0.047751361,NYJ,24,te,16,1,1,2,0,1,2,2,0.1,0,446,5,93,
333,Mike Williams,22.51021192,0.243712441,1.409040887,LAC,25,WR,15,15,1,2,0,0,2,2,0.1,0,112,112,37,
334,Jarius Wright,21.5385837,0.298547889,0.343103149,CAR,30,WR,16,9,1,-7,0,0,-7,-7,-0.4,0,284,29,112,
